,time,time,time,time,time,time,time,time,time,force,force,force,force,force,force,force,force,force,time,time,time,time,time,time,time,time,time,force,force,force,force,force,force,force,force,force
,Natural_y,XSy,Sy,My,Ly,Toe_y,Heel_y,Ascending_y,Descending_y,Natural_y,XSy,Sy,My,Ly,Toe_y,Heel_y,Ascending_y,Descending_y,Natural_a,XSa,Sa,Ma,La,Toe_a,Heel_a,Ascending_a,Descending_a,Natural_a,XSa,Sa,Ma,La,Toe_a,Heel_a,Ascending_a,Descending_a
0,0.0148,0.0195,0.0169,0.0142,0.0124,0.0153,0.0136,0.0225,0.0187,140.2547,80.1544,98.9578,136.8775,180.4308,53.7555,168.7546,53.8447,65.7059,0.0165,0.0208,0.0165,0.0147,0.0128,0.0164,0.0153,0.0250,0.0207,165.1528,114.3912,157.5452,184.7237,253.9092,65.3747,178.3780,51.9579,57.4928
1,0.0197,0.0260,0.0225,0.0190,0.0165,0.0204,0.0182,0.0300,0.0250,227.4389,132.7216,162.1025,226.0116,299.1392,98.8295,296.4852,85.2652,119.1516,0.0220,0.0278,0.0220,0.0196,0.0171,0.0219,0.0204,0.0334,0.0276,272.1583,183.4603,260.5700,317.0900,444.2394,126.7890,330.0129,80.7363,114.1923
2,0.0295,0.0390,0.0337,0.0285,0.0248,0.0307,0.0273,0.0450,0.0375,341.6882,205.1132,248.8932,346.3904,457.5120,179.6252,475.1048,124.7243,213.2245,0.0330,0.0417,0.0329,0.0293,0.0256,0.0329,0.0306,0.0501,0.0414,412.8216,270.5607,397.4790,499.4072,701.2147,245.7762,558.9697,114.0628,225.2242
3,0.0393,0.0520,0.0449,0.0379,0.0330,0.0409,0.0364,0.0600,0.0499,383.3297,238.9893,288.2773,393.3277,514.3584,249.2841,537.1665,141.7704,291.4225,0.0440,0.0556,0.0439,0.0391,0.0342,0.0438,0.0407,0.0667,0.0552,459.9070,300.6094,446.3337,565.6970,775.2787,357.3216,656.2812,125.0393,331.7819
4,0.0492,0.0651,0.0562,0.0474,0.0413,0.0511,0.0455,0.0750,0.0624,403.6620,263.8880,315.0127,414.7253,536.6994,315.9386,555.3073,162.6357,362.1068,0.0550,0.0695,0.0549,0.0489,0.0427,0.0548,0.0509,0.0834,0.0690,483.0809,327.6997,474.1220,591.5652,779.6279,459.8963,692.3557,144.1533,434.4506
5,0.0590,0.0781,0.0674,0.0569,0.0495,0.0613,0.0546,0.0899,0.0749,416.3449,286.2280,339.9077,425.3264,542.4488,379.5629,571.0621,189.1769,422.2830,0.0660,0.0834,0.0659,0.0587,0.0513,0.0657,0.0611,0.1001,0.0828,510.3124,361.5354,507.1715,615.4811,775.6148,553.5607,734.3325,177.1896,534.1597
6,0.0688,0.0911,0.0787,0.0664,0.0578,0.0716,0.0636,0.1049,0.0874,437.5803,314.2838,371.9887,442.9454,549.7466,437.6393,590.6809,222.9132,471.4489,0.0771,0.0973,0.0769,0.0685,0.0598,0.0767,0.0713,0.1168,0.0966,552.6495,399.1395,552.1867,654.3326,796.9694,639.8617,787.7351,226.4118,630.9896
7,0.0787,0.1041,0.0899,0.0759,0.0660,0.0818,0.0727,0.1199,0.0999,470.2150,350.4962,408.5538,473.1102,570.5401,488.0786,611.2535,265.1086,519.6978,0.0881,0.1112,0.0878,0.0782,0.0684,0.0876,0.0815,0.1335,0.1104,605.7073,438.1852,603.4261,708.1365,855.3023,718.3432,837.5574,290.4924,719.3540
8,0.0885,0.1171,0.1011,0.0854,0.0743,0.0920,0.0818,0.1349,0.1124,508.7195,391.4598,444.8135,508.6113,602.8461,531.2835,628.4650,313.5004,577.0890,0.0991,0.1250,0.0988,0.0880,0.0769,0.0986,0.0917,0.1502,0.1242,664.5141,480.5347,658.7502,769.6322,929.9547,788.3283,876.0623,362.4843,797.4833
9,0.0983,0.1301,0.1124,0.0949,0.0826,0.1022,0.0909,0.1499,0.1248,547.8231,432.8328,479.9371,543.6446,638.0237,568.0238,640.6717,363.0437,633.5258,0.1101,0.1389,0.1098,0.0978,0.0855,0.1095,0.1019,0.1669,0.1379,723.2809,525.7681,714.2191,830.3434,1001.4217,848.6329,901.7044,435.0268,873.2699
10,0.1082,0.1431,0.1236,0.1043,0.0908,0.1125,0.1000,0.1649,0.1373,581.1526,469.7350,511.6930,574.4779,667.4253,598.1977,647.4090,408.2202,673.0359,0.1211,0.1528,0.1208,0.1076,0.0940,0.1205,0.1121,0.1836,0.1517,774.6463,573.2741,763.2660,879.8495,1057.8866,898.2336,914.9868,505.1438,942.5019
11,0.1180,0.1561,0.1348,0.1138,0.0991,0.1227,0.1091,0.1799,0.1498,605.2881,499.8099,537.1565,598.1758,687.3046,621.4111,648.7894,446.0682,693.2077,0.1321,0.1667,0.1317,0.1174,0.1026,0.1314,0.1222,0.2002,0.1655,815.5013,622.5456,803.6431,914.0963,1095.1330,936.5409,918.8129,571.2262,991.7717
12,0.1278,0.1691,0.1461,0.1233,0.1073,0.1329,0.1182,0.1949,0.1623,620.3618,522.3029,555.7552,613.6619,697.1867,637.6362,645.1352,476.7123,698.8893,0.1431,0.1806,0.1427,0.1271,0.1111,0.1424,0.1324,0.2169,0.1793,844.8684,670.8728,834.0326,934.0196,1112.7030,963.2292,915.3400,631.4868,1018.6413
13,0.1377,0.1821,0.1573,0.1328,0.1156,0.1431,0.1273,0.2099,0.1748,626.5478,537.3821,567.6589,620.5294,696.5864,647.1282,637.2113,501.7943,695.4590,0.1541,0.1945,0.1537,0.1369,0.1197,0.1534,0.1426,0.2336,0.1931,862.7029,715.0078,853.5310,940.9962,1111.2452,978.5193,905.2590,685.1904,1027.8178
14,0.1475,0.1952,0.1685,0.1423,0.1238,0.1534,0.1364,0.2249,0.1873,624.3403,546.1533,572.8588,619.2212,685.2354,650.2690,625.9061,522.7416,686.6453,0.1651,0.2084,0.1647,0.1467,0.1282,0.1643,0.1528,0.2503,0.2069,870.2637,752.8920,862.9718,935.9020,1091.6591,983.3347,889.6277,731.4224,1025.4494
15,0.1573,0.2082,0.1798,0.1518,0.1321,0.1636,0.1455,0.2399,0.1997,614.9974,549.5003,571.6664,611.1631,664.3118,647.4132,611.9559,539.6745,673.0656,0.1761,0.2223,0.1757,0.1565,0.1367,0.1753,0.1630,0.2670,0.2207,869.3736,783.7690,864.0599,920.1240,1056.4879,979.0128,870.2489,768.9309,1016.3171
16,0.1672,0.2212,0.1910,0.1613,0.1403,0.1738,0.1546,0.2549,0.2122,599.5924,547.9787,564.9747,597.2719,635.7533,639.0555,596.0886,551.9823,655.4138,0.1871,0.2362,0.1866,0.1663,0.1453,0.1862,0.1732,0.2837,0.2345,861.6707,807.4060,858.5103,895.7317,1009.5916,966.8365,849.1275,797.0883,1002.1633
17,0.1770,0.2342,0.2023,0.1707,0.1486,0.1840,0.1637,0.2698,0.2247,579.2220,542.4559,554.4192,578.2827,601.4813,625.9718,578.8270,559.4647,635.8894,0.1981,0.2501,0.1976,0.1760,0.1538,0.1972,0.1834,0.3004,0.2483,848.5845,823.7236,847.7567,865.4755,954.2258,947.9584,827.8262,816.0863,983.4488
18,0.1869,0.2472,0.2135,0.1802,0.1568,0.1943,0.1728,0.2848,0.2372,555.5202,534.4612,541.7786,555.7040,563.3951,609.1878,560.6388,562.5619,616.6629,0.2091,0.2640,0.2086,0.1858,0.1624,0.2081,0.1936,0.3170,0.2621,831.3022,832.9108,832.8211,832.1101,893.2442,923.5285,807.4444,826.8362,960.4060
19,0.1967,0.2602,0.2247,0.1897,0.1651,0.2045,0.1818,0.2998,0.2497,530.4927,525.8078,528.4381,531.4482,523.6195,589.9758,542.5380,562.0866,598.4917,0.2201,0.2779,0.2196,0.1956,0.1709,0.2191,0.2037,0.3337,0.2759,810.8332,835.5696,814.5900,797.4401,829.5674,894.8583,788.9064,830.5139,934.2729
20,0.2065,0.2732,0.2360,0.1992,0.1734,0.2147,0.1909,0.3148,0.2622,506.1750,518.0435,515.4586,507.4878,484.3224,569.6453,526.1837,558.9599,581.2138,0.2312,0.2918,0.2306,0.2054,0.1795,0.2300,0.2139,0.3504,0.2897,788.3632,832.7416,794.2769,762.5572,766.0866,863.4645,773.0436,828.3748,905.9756
21,0.2164,0.2862,0.2472,0.2087,0.1816,0.2249,0.2000,0.3298,0.2746,484.1306,511.8606,503.6453,485.5103,447.2268,549.1039,512.5758,553.7897,564.7116,0.2422,0.3057,0.2415,0.2152,0.1880,0.2410,0.2241,0.3671,0.3035,765.3265,825.7375,773.3622,728.3905,705.0499,830.7559,760.6047,821.6640,875.9020
22,0.2262,0.2992,0.2584,0.2182,0.1899,0.2352,0.2091,0.3448,0.2871,465.1436,507.0743,493.4725,466.5698,413.6130,528.8317,501.9140,546.7905,549.0961,0.2532,0.3196,0.2525,0.2250,0.1966,0.2519,0.2343,0.3838,0.3173,743.1518,816.0546,753.2807,695.8715,647.8872,797.9387,752.1542,811.3770,845.4943
23,0.2360,0.3122,0.2697,0.2277,0.1981,0.2454,0.2182,0.3598,0.2996,449.5438,503.3741,485.1539,451.1313,384.4296,509.3077,494.5070,538.0282,534.7546,0.2642,0.3335,0.2635,0.2347,0.2051,0.2629,0.2445,0.4005,0.3311,722.9656,805.1676,735.1093,666.1243,595.8035,766.0908,747.7406,798.5102,816.5315
24,0.2459,0.3253,0.2809,0.2371,0.2064,0.2556,0.2273,0.3748,0.3121,437.4513,500.7353,478.7792,439.1824,360.2206,491.0929,490.3378,527.7588,522.0344,0.2752,0.3473,0.2745,0.2445,0.2137,0.2739,0.2547,0.4172,0.3449,705.4548,794.2003,719.5116,640.1762,549.8565,736.2337,746.8625,784.1038,789.9729
25,0.2557,0.3383,0.2921,0.2466,0.2146,0.2658,0.2364,0.3898,0.3246,428.7815,499.2612,474.3366,430.4748,341.1944,474.4988,488.9659,516.5173,511.1235,0.2862,0.3612,0.2855,0.2543,0.2222,0.2848,0.2649,0.4338,0.3587,690.8585,783.9605,706.7819,618.5839,510.8253,709.2830,748.7060,769.0100,766.1691
26,0.2655,0.3513,0.3034,0.2561,0.2229,0.2761,0.2455,0.4048,0.3371,423.2478,498.8951,471.7106,424.6519,327.2958,459.5712,489.8423,504.8561,502.0085,0.2972,0.3751,0.2964,0.2641,0.2308,0.2958,0.2750,0.4505,0.3725,679.1972,775.1141,696.9030,601.5223,479.3239,685.8854,752.4128,753.8639,745.2414
27,0.2754,0.3643,0.3146,0.2656,0.2311,0.2863,0.2546,0.4198,0.3495,420.3822,499.4104,470.6409,421.2401,318.2944,446.4378,492.3342,493.3481,494.3704,0.3082,0.3890,0.3074,0.2739,0.2393,0.3067,0.2852,0.4672,0.3863,670.4646,768.1650,689.7491,588.9955,455.7952,666.4622,757.3263,739.0540,727.2459
28,0.2852,0.3773,0.3259,0.2751,0.2394,0.2965,0.2637,0.4348,0.3620,419.6873,500.6211,470.7544,419.8193,313.9368,435.3941,495.8517,482.4129,487.5834,0.3192,0.4029,0.3184,0.2836,0.2478,0.3177,0.2954,0.4839,0.4000,664.7437,763.3652,685.2808,581.0608,440.1880,651.2087,762.8374,724.9176,712.3350
29,0.2950,0.3903,0.3371,0.2846,0.2477,0.3067,0.2728,0.4497,0.3745,420.6990,502.3702,471.6966,420.1456,313.9813,426.7835,499.7954,472.0146,480.9902,0.3302,0.4168,0.3294,0.2934,0.2564,0.3286,0.3056,0.5006,0.4138,662.0839,760.6704,683.5047,577.5807,432.4546,640.0288,768.4393,711.9067,700.6932
30,0.3049,0.4033,0.3483,0.2941,0.2559,0.3169,0.2819,0.4647,0.3870,423.1235,504.5665,473.3334,422.0835,318.1972,420.8628,503.5784,462.0799,474.4240,0.3412,0.4307,0.3403,0.3032,0.2649,0.3396,0.3158,0.5173,0.4276,662.4060,759.9482,684.3279,578.3948,432.7444,632.7010,773.8926,700.4885,692.2781
31,0.3147,0.4163,0.3596,0.3035,0.2642,0.3272,0.2909,0.4797,0.3995,426.8711,507.2489,475.7100,425.5699,326.2889,417.7163,506.9200,452.9858,468.1639,0.3522,0.4446,0.3513,0.3130,0.2735,0.3505,0.3260,0.5340,0.4414,665.6158,760.9633,687.6462,583.5800,440.7151,629.0929,778.9122,691.1809,686.9409
32,0.3245,0.4293,0.3708,0.3130,0.2724,0.3374,0.3000,0.4947,0.4120,431.9113,510.2900,478.8784,430.6083,337.8702,417.3532,509.9038,445.3520,462.5563,0.3632,0.4585,0.3623,0.3228,0.2820,0.3615,0.3362,0.5507,0.4552,671.5011,763.3240,693.2818,593.1591,455.7577,629.0735,783.2215,684.6455,684.6510
33,0.3344,0.4424,0.3820,0.3225,0.2807,0.3476,0.3091,0.5097,0.4245,438.3653,513.4524,482.8958,437.2579,352.7752,419.7062,512.6968,439.4949,457.8436,0.3743,0.4724,0.3733,0.3325,0.2906,0.3724,0.3464,0.5673,0.4690,679.7719,766.5774,700.9439,607.0516,477.5708,632.5565,786.8308,681.4032,685.2591
34,0.3442,0.4554,0.3933,0.3320,0.2889,0.3578,0.3182,0.5247,0.4369,446.4214,516.6703,487.8081,445.6440,371.0494,424.6593,515.5406,435.4889,454.1280,0.3853,0.4863,0.3843,0.3423,0.2991,0.3834,0.3565,0.5840,0.4828,690.2718,770.2634,710.4608,625.1811,505.9310,639.7054,789.7827,681.2861,688.2175
35,0.3540,0.4684,0.4045,0.3415,0.2972,0.3681,0.3273,0.5397,0.4494,456.2305,519.9063,493.6790,455.8698,392.5690,432.0886,518.7756,433.4736,451.5019,0.3963,0.5002,0.3952,0.3521,0.3077,0.3943,0.3667,0.6007,0.4966,702.8947,774.1999,721.7747,647.2063,540.3339,650.6004,792.0723,683.7936,692.7471
36,0.3639,0.4814,0.4157,0.3510,0.3054,0.3783,0.3364,0.5547,0.4619,468.0460,523.3279,500.6252,467.9434,417.1591,441.8454,522.4496,433.4829,450.0849,0.4073,0.5141,0.4062,0.3619,0.3162,0.4053,0.3769,0.6174,0.5104,717.6370,778.4415,734.9662,672.6464,580.4069,665.0731,793.8844,688.6054,698.2735
37,0.3737,0.4944,0.4270,0.3605,0.3137,0.3885,0.3455,0.5697,0.4744,482.0514,527.3253,508.8389,481.7989,444.6367,453.8072,526.2747,435.4071,449.8346,0.4183,0.5280,0.4172,0.3717,0.3248,0.4163,0.3871,0.6341,0.5242,734.6522,783.1761,750.2280,701.1115,625.6116,682.7546,795.6181,695.3126,704.5140
38,0.3835,0.5074,0.4382,0.3700,0.3219,0.3987,0.3546,0.5847,0.4869,498.1268,532.1227,518.5061,497.2423,474.4873,467.9673,529.9458,439.2241,450.5059,0.4293,0.5419,0.4282,0.3814,0.3333,0.4272,0.3973,0.6508,0.5380,754.0000,788.5877,767.5786,732.1155,674.9956,703.2649,797.8082,703.4981,711.0885
39,0.3934,0.5204,0.4495,0.3794,0.3302,0.4090,0.3637,0.5997,0.4994,515.9831,537.9308,529.6394,513.9686,505.9642,484.4791,533.2048,444.8267,451.8371,0.4403,0.5558,0.4392,0.3912,0.3419,0.4382,0.4075,0.6675,0.5518,775.6092,794.7182,786.8635,765.0867,727.4460,726.3833,800.8775,712.9082,717.4425
40,0.4032,0.5334,0.4607,0.3889,0.3385,0.4192,0.3728,0.6147,0.5118,535.2317,544.9650,542.1632,531.6443,538.2403,503.0556,535.7647,451.8124,453.7584,0.4513,0.5696,0.4501,0.4010,0.3504,0.4491,0.4177,0.6841,0.5656,799.1220,801.6103,807.7441,799.0592,781.1935,751.6983,804.8243,723.2760,723.3428
41,0.4130,0.5464,0.4719,0.3984,0.3467,0.4294,0.3819,0.6296,0.5243,555.3498,553.2203,555.9083,549.8592,570.2862,522.7991,537.2387,460.0859,456.2749,0.4623,0.5835,0.4611,0.4108,0.3590,0.4601,0.4278,0.7008,0.5794,823.7877,809.3320,829.6179,832.6341,833.7476,778.5569,809.4395,734.2308,729.2312
42,0.4229,0.5594,0.4832,0.4079,0.3550,0.4396,0.3910,0.6446,0.5368,575.6781,562.4902,570.3739,568.0656,600.8556,542.8293,537.1438,470.1187,459.1877,0.4733,0.5974,0.4721,0.4206,0.3675,0.4710,0.4380,0.7175,0.5932,848.6862,817.8599,851.7382,864.3375,882.0912,806.1228,814.1383,745.5662,735.6480
43,0.4327,0.5725,0.4944,0.4174,0.3632,0.4499,0.4001,0.6596,0.5493,595.3965,572.2671,584.8331,585.6106,628.5634,562.2820,535.0659,482.1888,462.1791,0.4843,0.6113,0.4831,0.4303,0.3760,0.4820,0.4482,0.7342,0.6070,872.8280,826.9517,873.3430,892.7423,923.3638,833.2773,817.4483,757.2745,742.5796
44,0.4425,0.5855,0.5056,0.4269,0.3715,0.4601,0.4091,0.6746,0.5618,613.5077,581.6172,598.5119,601.6202,651.9687,580.1246,530.9206,495.9732,465.1151,0.4953,0.6252,0.4941,0.4401,0.3846,0.4929,0.4584,0.7509,0.6208,895.1857,836.2735,893.5262,916.6949,955.4104,858.7641,817.6020,769.0832,749.8979
45,0.4524,0.5985,0.5169,0.4364,0.3797,0.4703,0.4182,0.6896,0.5743,628.8109,589.5528,610.4865,614.9297,669.6325,595.3084,524.7863,510.9627,468.1532,0.5063,0.6391,0.5050,0.4499,0.3931,0.5039,0.4686,0.7676,0.6346,914.5852,845.4981,911.0897,935.2752,976.5237,881.3244,813.4227,780.5622,757.5683
46,0.4622,0.6115,0.5281,0.4458,0.3880,0.4805,0.4273,0.7046,0.5867,640.0446,595.3032,619.6775,624.4489,680.1757,606.8065,516.3901,526.8325,471.3221,0.5173,0.6530,0.5160,0.4597,0.4017,0.5148,0.4788,0.7843,0.6483,929.7723,854.1501,924.6998,947.5996,985.1768,899.5851,804.4061,791.5942,765.2309
47,0.4720,0.6245,0.5393,0.4553,0.3962,0.4908,0.4364,0.7196,0.5992,646.0649,598.0392,625.0136,629.3144,682.4318,613.5128,504.9967,543.2897,474.1332,0.5284,0.6669,0.5270,0.4695,0.4102,0.5258,0.4890,0.8010,0.6621,939.5361,861.5984,933.0880,952.7281,979.8009,911.7930,789.7912,802.3663,772.0785
48,0.4819,0.6375,0.5506,0.4648,0.4045,0.5010,0.4455,0.7346,0.6117,645.8456,596.9915,625.4695,628.7181,675.5839,614.2817,489.3142,559.9405,476.0945,0.5394,0.6808,0.5380,0.4792,0.4188,0.5368,0.4992,0.8176,0.6759,942.6657,867.1187,935.1494,949.5966,958.7058,915.8953,768.1074,813.0497,777.1364
49,0.4917,0.6505,0.5618,0.4743,0.4128,0.5112,0.4546,0.7496,0.6242,638.5070,591.6124,620.1177,621.8034,659.0379,608.1082,467.0905,576.0068,476.9688,0.5504,0.6947,0.5489,0.4890,0.4273,0.5477,0.5093,0.8343,0.6897,937.9775,869.7550,929.8014,937.1945,919.8408,909.7786,737.9772,823.4588,779.7285
50,0.5015,0.6635,0.5731,0.4838,0.4210,0.5214,0.4637,0.7646,0.6367,623.3153,581.3413,608.1498,607.6098,632.2543,593.9713,435.7396,590.2127,476.4437,0.5614,0.7086,0.5599,0.4988,0.4359,0.5587,0.5195,0.8510,0.7035,924.3608,868.5152,915.9701,914.4540,861.4710,891.1415,697.5547,833.2228,779.4854
51,0.5114,0.6765,0.5843,0.4933,0.4293,0.5317,0.4728,0.7796,0.6492,599.3730,565.1920,588.5882,585.0675,594.4992,570.6823,395.3797,601.2119,474.1944,0.5724,0.7225,0.5709,0.5086,0.4444,0.5696,0.5297,0.8677,0.7173,900.4602,862.3302,892.4612,879.6166,782.5296,857.6857,643.7964,842.3341,775.7894
52,0.5212,0.6895,0.5955,0.5028,0.4375,0.5419,0.4819,0.7946,0.6616,565.5623,541.4600,560.0535,553.2207,544.8391,537.4428,348.1137,607.7544,469.9888,0.5834,0.7364,0.5819,0.5184,0.4530,0.5806,0.5399,0.8844,0.7311,864.2785,849.4428,857.6423,830.2332,682.6716,807.3510,575.2255,850.7917,767.9054
53,0.5310,0.7026,0.6068,0.5122,0.4458,0.5521,0.4910,0.8095,0.6741,520.7811,508.5732,521.0941,511.2437,482.5915,494.3610,296.1450,608.9660,463.6170,0.5944,0.7503,0.5929,0.5281,0.4615,0.5915,0.5501,0.9011,0.7449,813.2011,827.4126,809.3659,763.9196,565.2398,738.6255,495.3405,857.8551,755.6856
54,0.5409,0.7156,0.6180,0.5217,0.4540,0.5623,0.5001,0.8245,0.6866,463.6225,466.9180,471.1488,458.7387,408.1909,442.3144,243.3130,604.2938,454.6417,0.6054,0.7642,0.6038,0.5379,0.4701,0.6025,0.5603,0.9178,0.7587,744.8276,793.9054,745.5786,679.7744,440.6154,651.9516,410.5545,862.4052,739.1916
55,0.5507,0.7286,0.6292,0.5312,0.4623,0.5725,0.5092,0.8395,0.6991,395.3816,417.9109,411.3969,397.2196,326.0706,384.3039,192.7499,592.9669,442.5774,0.6164,0.7781,0.6148,0.5477,0.4786,0.6134,0.5705,0.9344,0.7725,658.6568,747.8084,665.6848,579.9018,323.9836,551.3925,328.6475,863.3058,718.0022
56,0.5606,0.7416,0.6405,0.5407,0.4705,0.5828,0.5183,0.8545,0.7116,321.2737,361.9806,344.9817,330.1423,244.1930,324.4758,146.2914,573.9778,426.8040,0.6274,0.7919,0.6258,0.5575,0.4871,0.6244,0.5807,0.9511,0.7863,557.6871,689.6018,571.6069,470.8415,226.7245,445.0666,258.0502,859.1432,691.2187
57,0.5704,0.7546,0.6517,0.5502,0.4788,0.5930,0.5273,0.8695,0.7241,246.7405,300.4460,276.8943,261.4333,169.2536,265.6642,105.4326,547.5719,406.4607,0.6384,0.8058,0.6368,0.5673,0.4957,0.6353,0.5908,0.9678,0.8001,449.2570,620.4400,467.8484,363.4124,149.5518,343.2118,200.2771,848.5107,657.6910
58,0.5802,0.7676,0.6629,0.5597,0.4870,0.6032,0.5364,0.8845,0.7365,177.0328,237.2547,212.4364,195.4953,107.0539,210.2967,71.3446,515.4646,381.2531,0.6494,0.8197,0.6478,0.5770,0.5042,0.6463,0.6010,0.9845,0.8139,343.4649,541.7821,361.1881,268.9113,91.7139,253.6278,152.2025,829.7758,617.1646
59,0.5901,0.7806,0.6742,0.5692,0.4953,0.6134,0.5455,0.8995,0.7490,116.6551,178.8074,155.1880,135.6319,61.5793,160.1773,45.1839,478.0297,351.8532,0.6604,0.8336,0.6587,0.5868,0.5128,0.6572,0.6112,1.0012,0.8277,247.6072,456.4292,259.9506,192.4356,55.3716,178.5102,113.5369,801.2393,570.7579
60,0.5999,0.7936,0.6854,0.5786,0.5036,0.6237,0.5546,0.9145,0.7615,69.5306,129.8320,106.8493,84.5853,31.6412,116.6483,26.6579,435.4602,318.8196,0.6715,0.8475,0.6697,0.5966,0.5213,0.6682,0.6214,1.0179,0.8415,165.8639,368.8069,172.7852,132.4976,35.4217,116.7968,83.5069,761.3146,519.8942
61,0.6097,0.8066,0.6967,0.5881,0.5118,0.6339,0.5637,0.9295,0.7740,37.4166,89.7055,67.7244,46.1492,14.0675,80.7557,14.9226,388.6527,282.3818,0.6825,0.8614,0.6807,0.6064,0.5299,0.6792,0.6316,1.0346,0.8553,102.7830,283.0588,105.4550,87.8320,23.6538,68.4169,59.7294,708.6953,466.3095
62,0.6196,0.8196,0.7079,0.5976,0.5201,0.6441,0.5728,0.9445,0.7865,17.6362,57.0370,38.2444,21.6020,5.1261,52.0013,8.1570,338.6199,244.1286,0.6935,0.8753,0.6917,0.6162,0.5384,0.6901,0.6418,1.0513,0.8691,58.4658,204.2517,57.5829,57.4095,15.5635,35.0796,40.7777,644.4123,411.5351
63,0.6294,0.8327,0.7191,0.6071,0.5283,0.6543,0.5819,0.9595,0.7990,6.9894,32.5455,18.8917,8.6958,1.1018,30.0323,4.0501,287.8522,205.6737,0.7045,0.8892,0.7027,0.6259,0.5470,0.7011,0.6520,1.0679,0.8829,29.0611,138.7785,26.2147,37.2397,9.5980,16.0431,26.6134,571.7958,356.2033
64,0.6392,0.8457,0.7304,0.6166,0.5366,0.6646,0.5910,0.9745,0.8114,2.4581,16.8766,7.4914,3.1907,0.0000,15.8857,2.0242,239.2115,168.3641,0.7155,0.9031,0.7136,0.6357,0.5555,0.7120,0.6621,1.0846,0.8967,12.1806,89.2905,9.1642,23.1896,5.7458,6.5779,16.6025,493.7822,301.3154
65,0.6491,0.8587,0.7416,0.6261,0.5448,0.6748,0.6001,0.9894,0.8239,0.7305,8.5048,1.6349,0.9948,0.0000,8.4835,1.5241,194.5697,132.7377,0.7265,0.9170,0.7246,0.6455,0.5641,0.7230,0.6723,1.1013,0.9104,4.3722,53.7708,2.3417,13.3751,3.3519,2.3978,9.5402,413.8908,249.0130
66,0.6589,0.8717,0.7528,0.6356,0.5531,0.6850,0.6092,1.0044,0.8364,0.1168,4.5939,-0.0000,0.1776,0.0000,4.4092,1.4239,152.7698,100.2648,0.7375,0.9309,0.7356,0.6553,0.5726,0.7339,0.6825,1.1180,0.9242,1.2859,29.5698,0.3700,6.6159,1.5210,0.8178,5.3130,336.8634,200.7719
67,0.6687,0.8847,0.7641,0.6450,0.5613,0.6952,0.6183,1.0194,0.8489,0.0000,3.0954,0.0000,0.0000,0.0000,2.0442,1.0068,112.6212,74.3482,0.7485,0.9448,0.7466,0.6651,0.5812,0.7449,0.6927,1.1347,0.9380,0.3410,14.4441,-0.0000,2.6449,0.3310,0.1784,3.1057,267.0514,156.6444
68,0.6786,0.8977,0.7753,0.6545,0.5696,0.7055,0.6274,1.0344,0.8614,0.0000,2.3737,0.0000,0.0000,0.0000,0.9050,0.3242,76.9049,55.3043,0.7595,0.9587,0.7575,0.6748,0.5897,0.7558,0.7029,1.1514,0.9518,0.0914,5.6436,0.0000,1.0022,-0.0000,-0.0000,1.7279,207.1375,117.2104
69,0.6884,0.9107,0.7865,0.6640,0.5779,0.7157,0.6365,1.0494,0.8739,0.0000,1.3996,0.0000,0.0000,0.0000,0.2588,-0.0000,48.6662,41.0650,0.7705,0.9726,0.7685,0.6846,0.5983,0.7668,0.7131,1.1681,0.9656,-0.0000,1.4076,0.0000,0.2705,0.0000,0.0000,1.0681,156.0574,83.7149
70,0.6982,0.9237,0.7978,0.6735,0.5861,0.7259,0.6455,1.0644,0.8864,0.0000,0.4015,0.0000,0.0000,0.0000,-0.0000,0.0000,27.2506,29.3306,0.7815,0.9865,0.7795,0.6944,0.6068,0.7777,0.7233,1.1847,0.9794,0.0000,0.1763,0.0000,0.0000,0.0000,0.0000,0.8330,113.1175,56.9975
71,0.7081,0.9367,0.8090,0.6830,0.5944,0.7361,0.6546,1.0794,0.8988,0.0000,0.0000,0.0000,0.0000,0.0000,0.0000,0.0000,11.9890,20.2779,0.7925,1.0004,0.7905,0.7042,0.6153,0.7887,0.7335,1.2014,0.9932,0.0000,-0.0000,0.0000,0.0000,0.0000,0.0000,0.5138,79.6341,36.8731
72,0.7179,0.9498,0.8203,0.6925,0.6026,0.7464,0.6637,1.0944,0.9113,0.0000,0.0000,0.0000,0.0000,0.0000,0.0000,0.0000,3.8313,14.7407,0.8035,1.0142,0.8015,0.7140,0.6239,0.7997,0.7436,1.2181,1.0070,0.0000,0.0000,0.0000,0.0000,0.0000,0.0000,0.1532,54.8973,22.1872
73,0.7277,0.9628,0.8315,0.7020,0.6109,0.7566,0.6728,1.1094,0.9238,0.0000,0.0000,0.0000,0.0000,0.0000,0.0000,0.0000,0.7787,11.0856,0.8145,1.0281,0.8124,0.7238,0.6324,0.8106,0.7538,1.2348,1.0208,0.0000,0.0000,0.0000,0.0000,0.0000,0.0000,0.0000,36.5998,11.8815
74,0.7376,0.9758,0.8427,0.7114,0.6191,0.7668,0.6819,1.1244,0.9363,0.0000,0.0000,0.0000,0.0000,0.0000,0.0000,0.0000,-0.0000,8.3111,0.8256,1.0420,0.8234,0.7335,0.6410,0.8216,0.7640,1.2515,1.0346,0.0000,0.0000,0.0000,0.0000,0.0000,0.0000,0.0000,22.4882,5.2239
75,0.7474,0.9888,0.8540,0.7209,0.6274,0.7770,0.6910,1.1394,0.9488,0.0000,0.0000,0.0000,0.0000,0.0000,0.0000,0.0000,0.0000,6.1030,0.8366,1.0559,0.8344,0.7433,0.6495,0.8325,0.7742,1.2682,1.0484,0.0000,0.0000,0.0000,0.0000,0.0000,0.0000,0.0000,12.1779,1.5775
76,0.7572,1.0018,0.8652,0.7304,0.6356,0.7873,0.7001,1.1543,0.9613,0.0000,0.0000,0.0000,0.0000,0.0000,0.0000,0.0000,0.0000,3.7617,0.8476,1.0698,0.8454,0.7531,0.6581,0.8435,0.7844,1.2849,1.0622,0.0000,0.0000,0.0000,0.0000,0.0000,0.0000,0.0000,5.9366,0.2196
77,0.7671,1.0148,0.8764,0.7399,0.6439,0.7975,0.7092,1.1693,0.9737,0.0000,0.0000,0.0000,0.0000,0.0000,0.0000,0.0000,0.0000,1.4607,0.8586,1.0837,0.8564,0.7629,0.6666,0.8544,0.7946,1.3015,1.0760,0.0000,0.0000,0.0000,0.0000,0.0000,0.0000,0.0000,2.3217,0.0000
78,0.7769,1.0278,0.8877,0.7494,0.6521,0.8077,0.7183,1.1843,0.9862,0.0000,0.0000,0.0000,0.0000,0.0000,0.0000,0.0000,0.0000,0.2316,0.8696,1.0976,0.8673,0.7727,0.6752,0.8654,0.8048,1.3182,1.0898,0.0000,0.0000,0.0000,0.0000,0.0000,0.0000,0.0000,0.4503,0.0000
79,0.7867,1.0408,0.8989,0.7589,0.6604,0.8179,0.7274,1.1993,0.9987,0.0000,0.0000,0.0000,0.0000,0.0000,0.0000,0.0000,0.0000,-0.0000,0.8806,1.1115,0.8783,0.7824,0.6837,0.8763,0.8149,1.3349,1.1036,0.0000,0.0000,0.0000,0.0000,0.0000,0.0000,0.0000,-0.0000,0.0000
80,0.7966,1.0538,0.9101,0.7684,0.6687,0.8282,0.7365,1.2143,1.0112,0.0000,0.0000,0.0000,0.0000,0.0000,0.0000,0.0000,0.0000,0.0000,0.8916,1.1254,0.8893,0.7922,0.6923,0.8873,0.8251,1.3516,1.1174,0.0000,0.0000,0.0000,0.0000,0.0000,0.0000,0.0000,0.0000,0.0000
81,0.8064,1.0668,0.9214,0.7778,0.6769,0.8384,0.7456,1.2293,1.0237,0.0000,0.0000,0.0000,0.0000,0.0000,0.0000,0.0000,0.0000,0.0000,0.9026,1.1393,0.9003,0.8020,0.7008,0.8982,0.8353,1.3683,1.1312,0.0000,0.0000,0.0000,0.0000,0.0000,0.0000,0.0000,0.0000,0.0000
82,0.8162,1.0799,0.9326,0.7873,0.6852,0.8486,0.7546,1.2443,1.0362,0.0000,0.0000,0.0000,0.0000,0.0000,0.0000,0.0000,0.0000,0.0000,0.9136,1.1532,0.9113,0.8118,0.7094,0.9092,0.8455,1.3850,1.1450,0.0000,0.0000,0.0000,0.0000,0.0000,0.0000,0.0000,0.0000,0.0000
83,0.8261,1.0929,0.9439,0.7968,0.6934,0.8588,0.7637,1.2593,1.0486,0.0000,0.0000,0.0000,0.0000,0.0000,0.0000,0.0000,0.0000,0.0000,0.9246,1.1671,0.9222,0.8216,0.7179,0.9201,0.8557,1.4017,1.1588,0.0000,0.0000,0.0000,0.0000,0.0000,0.0000,0.0000,0.0000,0.0000
84,0.8359,1.1059,0.9551,0.8063,0.7017,0.8690,0.7728,1.2743,1.0611,0.0000,0.0000,0.0000,0.0000,0.0000,0.0000,0.0000,0.0000,0.0000,0.9356,1.1810,0.9332,0.8313,0.7265,0.9311,0.8659,1.4184,1.1725,0.0000,0.0000,0.0000,0.0000,0.0000,0.0000,0.0000,0.0000,0.0000
85,0.8457,1.1189,0.9663,0.8158,0.7099,0.8793,0.7819,1.2893,1.0736,0.0000,0.0000,0.0000,0.0000,0.0000,0.0000,0.0000,0.0000,0.0000,0.9466,1.1949,0.9442,0.8411,0.7350,0.9421,0.8761,1.4350,1.1863,0.0000,0.0000,0.0000,0.0000,0.0000,0.0000,0.0000,0.0000,0.0000
86,0.8556,1.1319,0.9776,0.8253,0.7182,0.8895,0.7910,1.3043,1.0861,0.0000,0.0000,0.0000,0.0000,0.0000,0.0000,0.0000,0.0000,0.0000,0.9576,1.2088,0.9552,0.8509,0.7435,0.9530,0.8863,1.4517,1.2001,0.0000,0.0000,0.0000,0.0000,0.0000,0.0000,0.0000,0.0000,0.0000
87,0.8654,1.1449,0.9888,0.8348,0.7264,0.8997,0.8001,1.3193,1.0986,0.0000,0.0000,0.0000,0.0000,0.0000,0.0000,0.0000,0.0000,0.0000,0.9687,1.2227,0.9661,0.8607,0.7521,0.9640,0.8964,1.4684,1.2139,0.0000,0.0000,0.0000,0.0000,0.0000,0.0000,0.0000,0.0000,0.0000
88,0.8752,1.1579,1.0000,0.8442,0.7347,0.9099,0.8092,1.3342,1.1111,0.0000,0.0000,0.0000,0.0000,0.0000,0.0000,0.0000,0.0000,0.0000,0.9797,1.2365,0.9771,0.8705,0.7606,0.9749,0.9066,1.4851,1.2277,0.0000,0.0000,0.0000,0.0000,0.0000,0.0000,0.0000,0.0000,0.0000
89,0.8851,1.1709,1.0113,0.8537,0.7430,0.9202,0.8183,1.3492,1.1235,0.0000,0.0000,0.0000,0.0000,0.0000,0.0000,0.0000,0.0000,0.0000,0.9907,1.2504,0.9881,0.8802,0.7692,0.9859,0.9168,1.5018,1.2415,0.0000,0.0000,0.0000,0.0000,0.0000,0.0000,0.0000,0.0000,0.0000
90,0.8949,1.1839,1.0225,0.8632,0.7512,0.9304,0.8274,1.3642,1.1360,0.0000,0.0000,0.0000,0.0000,0.0000,0.0000,0.0000,0.0000,0.0000,1.0017,1.2643,0.9991,0.8900,0.7777,0.9968,0.9270,1.5185,1.2553,0.0000,0.0000,0.0000,0.0000,0.0000,0.0000,0.0000,0.0000,0.0000
91,0.9047,1.1969,1.0337,0.8727,0.7595,0.9406,0.8365,1.3792,1.1485,0.0000,0.0000,0.0000,0.0000,0.0000,0.0000,0.0000,0.0000,0.0000,1.0127,1.2782,1.0101,0.8998,0.7863,1.0078,0.9372,1.5352,1.2691,0.0000,0.0000,0.0000,0.0000,0.0000,0.0000,0.0000,0.0000,0.0000
92,0.9146,1.2100,1.0450,0.8822,0.7677,0.9508,0.8456,1.3942,1.1610,0.0000,0.0000,0.0000,0.0000,0.0000,0.0000,0.0000,0.0000,0.0000,1.0237,1.2921,1.0210,0.9096,0.7948,1.0187,0.9474,1.5518,1.2829,0.0000,0.0000,0.0000,0.0000,0.0000,0.0000,0.0000,0.0000,0.0000
93,0.9244,1.2230,1.0562,0.8917,0.7760,0.9611,0.8547,1.4092,1.1735,0.0000,0.0000,0.0000,0.0000,0.0000,0.0000,0.0000,0.0000,0.0000,1.0347,1.3060,1.0320,0.9194,0.8034,1.0297,0.9576,1.5685,1.2967,0.0000,0.0000,0.0000,0.0000,0.0000,0.0000,0.0000,0.0000,0.0000
94,0.9343,1.2360,1.0675,0.9012,0.7842,0.9713,0.8638,1.4242,1.1860,0.0000,0.0000,0.0000,0.0000,0.0000,0.0000,0.0000,0.0000,0.0000,1.0457,1.3199,1.0430,0.9291,0.8119,1.0406,0.9678,1.5852,1.3105,0.0000,0.0000,0.0000,0.0000,0.0000,0.0000,0.0000,0.0000,0.0000
95,0.9441,1.2490,1.0787,0.9106,0.7925,0.9815,0.8728,1.4392,1.1984,0.0000,0.0000,0.0000,0.0000,0.0000,0.0000,0.0000,0.0000,0.0000,1.0567,1.3338,1.0540,0.9389,0.8205,1.0516,0.9779,1.6019,1.3243,0.0000,0.0000,0.0000,0.0000,0.0000,0.0000,0.0000,0.0000,0.0000
96,0.9539,1.2620,1.0899,0.9201,0.8007,0.9917,0.8819,1.4542,1.2109,0.0000,0.0000,0.0000,0.0000,0.0000,0.0000,0.0000,0.0000,0.0000,1.0677,1.3477,1.0650,0.9487,0.8290,1.0626,0.9881,1.6186,1.3381,0.0000,0.0000,0.0000,0.0000,0.0000,0.0000,0.0000,0.0000,0.0000
97,0.9638,1.2750,1.1012,0.9296,0.8090,1.0020,0.8910,1.4692,1.2234,0.0000,0.0000,0.0000,0.0000,0.0000,0.0000,0.0000,0.0000,0.0000,1.0787,1.3616,1.0759,0.9585,0.8376,1.0735,0.9983,1.6353,1.3519,0.0000,0.0000,0.0000,0.0000,0.0000,0.0000,0.0000,0.0000,0.0000
98,0.9736,1.2880,1.1124,0.9391,0.8172,1.0122,0.9001,1.4842,1.2359,0.0000,0.0000,0.0000,0.0000,0.0000,0.0000,0.0000,0.0000,0.0000,1.0897,1.3755,1.0869,0.9683,0.8461,1.0845,1.0085,1.6520,1.3657,0.0000,0.0000,0.0000,0.0000,0.0000,0.0000,0.0000,0.0000,0.0000
99,0.9785,1.2945,1.1180,0.9438,0.8214,1.0173,0.9047,1.4917,1.2421,0.0000,0.0000,0.0000,0.0000,0.0000,0.0000,0.0000,0.0000,0.0000,1.0952,1.3824,1.0924,0.9732,0.8504,1.0899,1.0136,1.6603,1.3726,0.0000,0.0000,0.0000,0.0000,0.0000,0.0000,0.0000,0.0000,0.0000
