,Values_all,Values_all,Values_all,Values_all,Values_all,Values_all,Values_all,Values_all,Values_all,Values_all,Values_all,Values_all,Values_all,Values_all,Values_all,Values_all,Values_all,Values_all,all_min,all_min,all_min,all_min,all_min,all_min,all_min,all_min,all_min,all_min,all_min,all_min,all_min,all_min,all_min,all_min,all_min,all_min,all_max,all_max,all_max,all_max,all_max,all_max,all_max,all_max,all_max,all_max,all_max,all_max,all_max,all_max,all_max,all_max,all_max,all_max
,Natural_y,XSy,Sy,My,Ly,Toe_y,Heel_y,Ascending_y,Descending_y,Natural_a,XSa,Sa,Ma,La,Toe_a,Heel_a,Ascending_a,Descending_a,Natural_y,XSy,Sy,My,Ly,Toe_y,Heel_y,Ascending_y,Descending_y,Natural_a,XSa,Sa,Ma,La,Toe_a,Heel_a,Ascending_a,Descending_a,Natural_y,XSy,Sy,My,Ly,Toe_y,Heel_y,Ascending_y,Descending_y,Natural_a,XSa,Sa,Ma,La,Toe_a,Heel_a,Ascending_a,Descending_a
0,-2.1968,-1.6403,-2.0121,-2.0928,-2.7753,10.6357,-2.5293,2.0644,9.7999,-2.5312,-1.7368,-2.4255,-3.0544,-5.3359,16.3846,-4.0508,1.6305,12.1368,-2.0850,-1.5052,-1.9789,-2.0667,-2.7419,4.4386,-2.6175,-0.4721,3.2617,-3.1219,-2.0672,-2.9925,-3.9712,-7.2008,8.7601,-5.6798,-0.1350,4.6288,-1.4579,-1.2022,-1.1833,-1.2122,-1.6051,19.4840,-1.2020,6.7119,19.7723,-1.2361,-0.9682,-1.1831,-1.1653,-1.6150,26.3149,-0.8848,4.2291,22.4682
1,-2.4587,-2.0140,-2.3743,-2.3173,-2.9663,13.3227,-2.9830,2.8046,13.0023,-2.9560,-2.1803,-2.8435,-3.5074,-5.9249,21.1364,-4.9471,2.5708,17.1703,-2.3593,-1.8700,-2.3604,-2.3061,-2.9832,5.8005,-3.0625,-0.4605,4.8161,-3.7319,-2.6683,-3.5973,-4.6122,-8.0494,11.7163,-6.8566,0.1169,7.4353,-1.5754,-1.4277,-1.3408,-1.3034,-1.6001,23.8782,-1.4717,8.7210,25.1601,-1.3059,-1.0981,-1.2443,-1.2549,-1.7070,33.2817,-1.2084,6.1407,30.3680
2,-2.6837,-2.3492,-2.6903,-2.5025,-3.1366,16.1527,-3.4480,3.6147,16.2565,-3.2934,-2.5690,-3.1870,-3.8558,-6.3995,26.3870,-5.8882,3.7130,22.8663,-2.6156,-2.2233,-2.7174,-2.5182,-3.2221,7.2552,-3.5170,-0.4208,6.3670,-4.2917,-3.2702,-4.1636,-5.1717,-8.8533,15.0081,-8.0747,0.4419,10.6649,-1.6308,-1.5729,-1.4252,-1.3465,-1.5433,28.4614,-1.7513,10.8605,30.6981,-1.2410,-1.0921,-1.1840,-1.2174,-1.5892,40.9394,-1.5762,8.4321,39.2214
3,-2.8055,-2.6166,-2.9334,-2.5811,-3.2159,19.1684,-3.9172,4.4706,19.5958,-3.4886,-2.8334,-3.4065,-4.0437,-6.7102,32.0969,-6.8512,5.0385,29.0315,-2.8142,-2.5436,-3.0294,-2.6586,-3.4354,8.8187,-3.9702,-0.3572,8.0121,-4.7526,-3.7985,-4.6447,-5.6004,-9.5671,18.6143,-9.2877,0.8155,14.2638,-1.5290,-1.6045,-1.4082,-1.2542,-1.2926,33.3161,-2.0454,13.0733,36.2629,-0.9841,-0.8977,-0.9548,-0.9943,-1.2121,49.2247,-2.0063,11.0969,48.6390
4,-2.8260,-2.7775,-3.0396,-2.5584,-3.1800,22.2034,-4.3808,5.3507,22.8629,-3.4658,-2.9074,-3.4173,-4.0106,-6.7000,38.0826,-7.7960,6.5247,35.3727,-2.9411,-2.8021,-3.2511,-2.7183,-3.5418,10.4432,-4.4099,-0.2689,9.6762,-5.0585,-4.2002,-4.9842,-5.8458,-9.9032,22.4434,-10.4432,1.2191,18.1016,-1.3068,-1.4789,-1.2128,-1.0608,-0.9603,38.0899,-2.3536,15.2989,41.5876,-0.4387,-0.4372,-0.4382,-0.5204,-0.6494,57.8323,-2.4833,14.1093,58.1078
5,-2.7054,-2.7802,-3.0133,-2.4067,-2.9881,25.2997,-4.8196,6.2389,25.8735,-3.2138,-2.7415,-3.2151,-3.7308,-6.4404,44.1318,-8.6900,8.1493,41.5058,-2.9819,-2.9687,-3.3832,-2.6971,-3.5513,12.1488,-4.8232,-0.1499,11.2202,-5.1802,-4.4224,-5.1476,-5.8927,-10.0671,26.3622,-11.5082,1.6456,21.9757,-0.8857,-1.1204,-0.8503,-0.6902,-0.4120,42.8537,-2.6518,17.4788,46.4712,0.3763,0.3264,0.3209,0.2435,0.2517,66.4528,-2.9801,17.4256,67.0060
6,-2.4569,-2.6260,-2.8174,-2.1098,-2.7123,28.2940,-5.1310,7.1368,28.5166,-2.6870,-2.3231,-2.7641,-3.1503,-5.9190,50.0600,-9.4966,9.8962,47.1514,-2.9362,-3.0460,-3.3908,-2.5782,-3.5174,13.8420,-5.1571,0.0046,12.5332,-5.0872,-4.4437,-5.1143,-5.7026,-10.0465,30.2659,-12.4314,2.1077,25.6480,-0.3028,-0.5267,-0.2951,-0.1351,0.2718,47.3647,-2.7744,19.6075,50.8519,1.5240,1.3902,1.3775,1.3681,1.5020,74.7993,-3.4886,20.9861,75.0274
7,-2.0730,-2.3145,-2.4531,-1.7000,-2.2974,31.0838,-5.4809,8.0461,30.6920,-1.8878,-1.6556,-2.0478,-2.2786,-5.0197,55.6486,-10.1871,11.7531,52.0191,-2.8033,-3.0305,-3.2873,-2.4003,-3.3893,15.4848,-5.4752,0.2026,13.5361,-4.7668,-4.2546,-4.8597,-5.2856,-9.6373,34.0301,-13.1897,2.6295,28.8641,0.4604,0.2957,0.4790,0.6004,1.1310,51.4243,-3.0374,21.6719,54.6283,2.9787,2.7308,2.7335,2.8468,3.0610,82.5334,-3.9752,24.7218,81.8636
8,-1.5600,-1.8290,-1.9336,-1.1482,-1.7471,33.6408,-5.7708,8.9737,32.3719,-0.8273,-0.7640,-1.0824,-1.1071,-3.8472,60.7619,-10.7502,13.7013,56.0089,-2.5913,-2.9117,-3.0849,-2.1404,-3.1833,17.0254,-5.7340,0.4443,14.1800,-4.2299,-3.8670,-4.3936,-4.6449,-9.0169,37.5590,-13.7718,3.2325,31.4390,1.4048,1.3693,1.4623,1.5461,2.1912,55.0684,-3.2657,23.6907,57.8314,4.7300,4.3051,4.3639,4.7051,4.9544,89.4740,-4.4300,28.5524,87.5650
9,-0.9194,-1.1851,-1.2622,-0.4862,-1.1269,35.8476,-6.0005,9.9223,33.5420,0.4727,0.3189,0.1024,0.3460,-2.4091,65.2347,-11.1607,15.7186,59.0744,-2.2900,-2.7053,-2.7822,-1.8258,-2.9179,18.4210,-5.9352,0.7334,14.4656,-3.4885,-3.3013,-3.7403,-3.7921,-8.2005,40.7304,-14.1570,3.9367,33.2359,2.5039,2.6857,2.6427,2.6748,3.3127,58.0685,-3.4551,25.6630,60.4202,6.7438,6.0658,6.2351,6.9175,7.1882,95.4098,-4.8241,32.3910,92.2357
10,-0.1828,-0.4111,-0.4632,0.2853,-0.4259,37.7210,-6.1593,10.8897,34.2472,1.9700,1.5579,1.4827,2.0466,-0.7065,69.0091,-11.4264,17.7711,61.1447,-1.9390,-2.4314,-2.4117,-1.4614,-2.6024,19.6210,-6.0664,1.0703,14.4455,-2.5815,-2.5899,-2.9242,-2.7620,-7.1510,43.5061,-14.3618,4.7502,34.2071,3.7575,4.2116,4.0249,3.9948,4.5463,60.5816,-3.6033,27.5821,62.4029,8.9783,7.9775,8.3269,9.4555,9.7000,100.2598,-5.1506,36.1417,95.7779
11,0.6482,0.4809,0.4392,1.1449,0.3510,39.1887,-6.2580,11.8700,34.5154,3.6408,2.9172,3.0237,3.9683,1.2038,71.9784,-11.5521,19.8170,62.3339,-1.5342,-2.0985,-1.9907,-1.0619,-2.2264,20.6100,-6.1485,1.4455,14.1703,-1.5308,-1.7692,-1.9799,-1.5690,-5.9372,45.7707,-14.4012,5.6683,34.4370,5.1525,5.9321,5.5807,5.4801,5.8562,62.4432,-3.6943,29.4524,63.7448,11.4100,10.0102,10.6093,12.2771,12.4602,103.9457,-5.3967,39.7087,98.3373
12,1.5524,1.4851,1.4310,2.0831,1.1820,40.2868,-6.2897,12.8459,34.4189,5.4379,4.3766,4.6841,6.0662,3.2583,74.1798,-11.5431,21.8117,62.7433,-1.0943,-1.7091,-1.5304,-0.6344,-1.8145,21.3271,-6.1656,1.8498,13.7233,-0.3848,-0.8673,-0.9503,-0.2516,-4.6308,47.5287,-14.2835,6.6732,34.0679,6.6713,7.8370,7.2957,7.1196,7.2353,63.8864,-3.7438,31.2468,64.4614,14.0000,12.1596,13.0491,15.3333,15.4274,106.5519,-5.5630,43.0108,99.9352
13,2.5183,2.5763,2.4878,3.0777,2.0610,40.9918,-6.2709,13.7962,34.0276,7.3349,5.9213,6.4425,8.3033,5.4277,75.5801,-11.4188,23.7097,62.4960,-0.6316,-1.2811,-1.0523,-0.1904,-1.3640,21.7967,-6.1411,2.2720,13.1678,0.8283,0.0926,0.1329,1.1636,-3.2412,48.7384,-14.0410,7.7353,33.2783,8.3098,9.8963,9.1503,8.8781,8.6618,64.7924,-3.7459,32.9316,64.6062,16.7286,14.4261,15.6445,18.5757,18.5440,108.0633,-5.6451,45.9835,100.5896
14,3.5306,3.7410,3.5971,4.1267,2.9706,41.3414,-6.2007,14.7028,33.4217,9.3093,7.5446,8.2759,10.6492,7.6613,76.2369,-11.2071,25.4753,61.7758,-0.1570,-0.8247,-0.5623,0.2703,-0.8913,21.9899,-6.0741,2.6938,12.5525,2.0870,1.0958,1.2503,2.6586,-1.8133,49.4019,-13.7053,8.8234,32.2546,10.0496,12.0952,11.1229,10.7496,10.1238,65.3290,-3.7003,34.4968,64.2927,19.5746,16.8167,18.3697,21.9584,21.7574,108.6185,-5.6607,48.5887,100.4545
15,4.5862,4.9714,4.7512,5.2099,3.8835,41.3518,-6.0935,15.5435,32.6436,11.3421,9.2459,10.1717,13.0662,9.9342,76.2155,-10.9205,27.0755,60.7464,0.3292,-0.3382,-0.0587,0.7371,-0.4018,21.9457,-5.9747,3.0985,11.9257,3.3678,2.1373,2.3856,4.2005,-0.3487,49.5629,-13.2967,9.8994,31.1533,11.8833,14.4083,13.1892,12.7015,11.5575,65.4546,-3.6239,35.9187,63.5307,22.5293,19.3382,21.2196,25.4409,25.0089,108.3083,-5.6092,50.8060,99.6825
16,5.6773,6.2591,5.9415,6.3294,4.8373,41.0849,-5.9555,16.3010,31.7874,13.4271,11.0229,12.1241,15.5382,12.1799,75.5798,-10.5904,28.4937,59.5682,0.8233,0.1793,0.4564,1.2163,0.1041,21.6861,-5.8500,3.4691,11.3202,4.6707,3.2138,3.5374,5.7854,1.0789,49.2565,-12.8486,10.9351,30.1307,13.7970,16.8111,15.3291,14.7261,13.0681,65.2915,-3.5184,37.1867,62.5074,25.5769,21.9899,24.1828,28.9899,28.2528,107.2338,-5.5135,52.6399,98.4183
17,6.8014,7.5945,7.1628,7.4730,5.8082,40.5553,-5.7946,16.9640,30.9117,15.5566,12.8752,14.1334,18.0380,14.4038,74.4293,-10.2375,29.7206,58.3756,1.3271,0.7272,0.9860,1.7043,0.6229,21.2536,-5.7087,3.7939,10.7625,5.9938,4.3285,4.7167,7.3935,2.5029,48.5499,-12.3880,11.9031,29.2627,15.7803,19.2781,17.5228,16.7974,14.5972,64.7858,-3.3865,38.2957,61.3255,28.7018,24.7659,27.2417,32.5704,31.4486,105.5325,-5.3816,54.1115,96.8715
18,7.9563,8.9729,8.4150,8.6407,6.8027,39.8439,-5.6226,17.5279,30.0702,17.7300,14.7967,16.2020,20.5576,16.5914,72.8607,-9.8823,30.7545,57.2691,1.8430,1.3100,1.5385,2.2033,1.1580,20.6960,-5.5568,4.0665,10.2796,7.3424,5.4810,5.9337,9.0266,3.9245,47.5096,-11.9372,12.7815,28.6001,17.8215,21.7869,19.7512,18.9111,16.1552,64.0554,-3.2477,39.2467,60.0733,31.8940,27.6519,30.3865,36.1595,34.5589,103.3359,-5.2284,55.2511,95.2080
19,9.1427,10.3910,9.6963,9.8308,7.8154,38.9636,-5.4431,17.9963,29.3111,19.9471,16.7815,18.3344,23.0806,18.7213,70.9679,-9.5427,31.6109,56.2998,2.3808,1.9378,2.1146,2.7232,1.7092,20.0348,-5.4010,4.2842,9.8956,8.7290,6.6739,7.2051,10.6771,5.3262,46.2141,-11.5154,13.5660,28.1442,19.9010,24.3055,22.0075,21.0401,17.7280,63.0881,-3.0963,40.0562,58.8304,35.1329,30.6289,33.6014,39.7293,37.5592,100.7493,-5.0673,56.1040,93.5515
20,10.3575,11.8467,11.0077,11.0415,8.8645,37.9920,-5.2652,18.3791,28.6709,22.2081,18.8243,20.5348,25.6073,20.7980,68.8528,-9.2328,32.3045,55.4897,2.9385,2.6119,2.7236,3.2587,2.2859,19.3284,-5.2477,4.4520,9.6203,10.1621,7.9073,8.5442,12.3574,6.7162,44.7212,-11.1415,14.2527,27.8745,22.0152,26.8261,24.2745,23.1918,19.3448,61.9693,-2.9443,40.7397,57.6752,38.4056,33.6840,36.8752,43.2606,40.4470,97.9313,-4.9027,56.7125,91.9890
21,11.6097,13.3355,12.3513,12.2775,9.9438,36.9591,-5.0932,18.6837,28.1682,24.5129,20.9223,22.8074,28.1252,22.8509,66.6191,-8.9629,32.8561,54.8300,3.5311,3.3326,3.3669,3.8278,2.8889,18.5903,-5.1024,4.5819,9.4627,11.6487,9.1841,9.9695,14.0592,8.1416,43.1180,-10.8229,14.8470,27.7580,24.1550,29.3352,26.5544,25.3389,20.9867,60.7517,-2.7907,41.2916,56.6399,41.7004,36.8055,40.1886,46.7355,43.2199,94.9980,-4.7480,57.1195,90.5515
22,12.8905,14.8579,13.7239,13.5371,11.0786,35.9070,-4.9285,18.9267,27.8051,26.8623,23.0713,25.1540,30.6422,24.8852,64.3440,-8.7348,33.2940,54.3183,4.1533,4.1060,4.0442,4.4240,3.5334,17.8577,-4.9657,4.6848,9.4132,13.1990,10.5009,11.4830,15.8021,9.6088,41.4543,-10.5625,15.3637,27.7602,26.3088,31.8208,28.8394,27.4915,22.6903,59.4691,-2.6383,41.7333,55.7506,45.0033,39.9883,43.5435,50.1426,45.8797,92.0597,-4.6031,57.3710,89.2886
23,14.2117,16.4094,15.1320,14.8277,12.2639,34.8824,-4.7769,19.1214,27.5842,29.2585,25.2725,27.5794,33.1533,26.9322,62.1168,-8.5559,33.6387,53.9361,4.8216,4.9261,4.7640,5.0607,4.2180,17.1571,-4.8455,4.7755,9.4757,14.8204,11.8610,13.0943,17.5837,11.1426,39.7985,-10.3683,15.8121,27.8592,28.4725,34.2839,31.1288,29.6403,24.4444,58.1917,-2.4853,42.0695,55.0060,48.3073,43.2303,46.9356,53.4734,48.4645,89.2264,-4.4735,57.5019,88.1895
24,15.5694,17.9925,16.5763,16.1473,13.5240,33.9039,-4.6375,19.2815,27.4982,31.7027,27.5243,30.0857,35.6642,29.0030,60.0066,-8.4204,33.9117,53.6636,5.5303,5.7914,5.5244,5.7333,4.9577,16.4932,-4.7408,4.8667,9.6405,16.5171,13.2579,14.8048,19.4113,12.7436,38.2116,-10.2292,16.2027,28.0287,30.6474,36.7345,33.4282,31.7900,26.2833,56.9607,-2.3324,42.3089,54.4075,51.6091,46.5384,50.3683,56.7302,51.0006,86.5712,-4.3624,57.5492,87.2479
25,16.9721,19.6058,18.0584,17.5088,14.8583,33.0290,-4.5106,19.4205,27.5272,34.1997,29.8378,32.6705,38.1888,31.1738,58.0691,-8.3253,34.1346,53.5116,6.2896,6.6950,6.3263,6.4551,5.7533,15.9189,-4.6516,4.9681,9.8849,18.2965,14.7063,16.6172,21.3000,14.5072,36.7407,-10.1412,16.5461,28.2661,32.8352,39.1840,35.7404,33.9468,28.2029,55.8173,-2.1795,42.4684,53.9505,54.9088,49.9157,53.8311,59.9226,53.5225,84.1551,-4.2689,57.5484,86.4938
26,18.4261,21.2509,19.5847,18.9125,16.2902,32.1996,-4.3973,19.5508,27.6534,36.7593,32.2097,35.3484,40.7280,33.4538,56.3588,-8.2665,34.3242,53.4871,7.1052,7.6401,7.1798,7.2245,6.6178,15.3976,-4.5815,5.0873,10.1891,20.1718,16.1989,18.5453,23.2396,16.4295,35.4359,-10.0973,16.8454,28.5703,35.0401,41.6297,38.0610,36.1149,30.2396,54.6828,-2.0221,42.5648,53.6287,58.2090,53.3661,57.3382,63.0698,56.0593,82.0326,-4.1947,57.5364,85.9468
27,19.9350,22.9301,21.1528,20.3697,17.8201,31.5634,-4.2944,19.6807,27.8641,39.3863,34.6481,38.1133,43.3070,35.8624,54.9105,-8.2344,34.5007,53.5952,7.9767,8.6148,8.0767,8.0478,7.5526,15.0051,-4.5247,5.2322,10.5446,22.1419,17.7530,20.5736,25.2516,18.4795,34.3353,-10.0833,17.1038,28.9251,37.2730,44.1042,40.4011,38.3117,32.3914,53.7962,-1.8639,42.6036,53.4271,61.5234,56.8818,60.8990,66.1991,58.7084,80.2284,-4.1379,57.5575,85.6454
28,21.5056,24.6475,22.7709,21.8803,19.4580,31.0624,-4.2021,19.8230,28.1373,42.0885,37.1548,40.9705,45.9303,38.4662,53.7501,-8.2255,34.6809,53.8581,8.9106,9.6208,9.0276,8.9230,8.5584,14.6948,-4.4817,5.4066,10.9367,24.2156,19.3745,22.7125,27.3165,20.7573,33.4659,-10.0939,17.3189,29.3521,39.5386,46.6147,42.7596,40.5414,34.6840,53.1009,-1.7047,42.6117,53.3165,64.8573,60.4578,64.5099,69.3529,61.4735,78.7630,-4.0992,57.6571,85.6096
29,23.1444,26.4008,24.4411,23.4563,21.2110,30.7359,-4.1155,19.9901,28.4612,44.8832,39.7342,43.9254,48.6273,41.3002,52.8956,-8.2294,34.8932,54.2764,9.9055,10.6500,10.0324,9.8573,9.6407,14.5227,-4.4483,5.6125,11.3595,26.4053,21.0791,24.9646,29.4537,23.2822,32.8452,-10.1175,17.5076,29.8488,41.8579,49.1731,45.1433,42.8209,37.1249,52.5816,-1.5402,42.6186,53.2780,68.2333,64.0797,68.1803,72.5723,64.4102,77.6528,-4.0708,57.8777,85.8445
30,24.8549,28.1911,26.1595,25.0965,23.0760,30.5664,-4.0367,20.1961,28.8299,47.7687,42.3830,46.9741,51.4038,44.3255,52.3654,-8.2423,35.1650,54.8545,10.9676,11.6981,11.0906,10.8424,10.7942,14.4523,-4.4237,5.8540,11.8196,28.6959,22.8723,27.3176,31.6385,25.9315,32.4924,-10.1477,17.6871,30.4268,44.2260,51.7918,47.5418,45.1651,39.7174,52.2702,-1.3775,42.6542,53.2808,71.6711,67.7309,71.9201,75.9112,67.6184,76.9123,-4.0543,58.2593,86.3427
31,26.6409,30.0187,27.9372,26.8085,25.0508,30.5857,-3.9586,20.4553,29.2329,50.7579,45.1031,50.1175,54.2850,47.6047,52.1446,-8.2577,35.5239,55.6054,12.0910,12.7640,12.2082,11.8877,12.0098,14.5112,-4.4039,6.1349,12.3189,31.1020,24.7690,29.7792,33.8814,28.7920,32.3934,-10.1794,17.8785,31.1194,46.6674,54.4737,49.9733,47.5749,42.4751,52.1938,-1.2063,42.7495,53.2918,75.1798,71.3919,75.7196,79.4149,71.1139,76.5271,-4.0416,58.8366,87.0830
32,28.5012,31.8779,29.7673,28.5846,27.1287,30.7749,-3.8824,20.7868,29.6687,53.8535,47.8880,53.3499,57.2730,51.1273,52.2481,-8.2711,35.9925,56.4979,13.2759,13.8450,13.3754,12.9772,13.2908,14.6714,-4.3873,6.4570,12.8617,33.6110,26.7708,32.3354,36.1640,31.8186,32.5538,-10.2069,18.1013,31.9074,49.1779,57.2095,52.4395,50.0634,45.3723,52.3622,-1.0333,42.9532,53.2970,78.7856,75.0442,79.5865,83.1183,74.9427,76.5251,-4.0306,59.6335,88.0192
33,30.4301,33.7688,31.6463,30.4260,29.2836,31.1387,-3.8037,21.2051,30.1431,57.0447,50.7368,56.6567,60.3736,54.8343,52.6556,-8.2802,36.5857,57.5115,14.5126,14.9382,14.5955,14.1182,14.6040,14.9401,-4.3721,6.8230,13.4528,36.2026,28.8895,34.9709,38.4767,34.8845,32.9536,-10.2292,18.3698,32.7979,51.7631,60.0055,54.9240,52.6184,48.4107,52.7718,-0.8507,43.2990,53.3025,82.4945,78.6670,83.5097,87.0502,79.1625,76.8886,-4.0174,60.6641,89.0896
34,32.4218,35.6873,33.5731,32.3158,31.5034,31.6600,-3.7227,21.7241,30.6512,60.3293,53.6384,60.0282,63.5792,58.7028,53.3515,-8.2806,37.3160,58.6283,15.7937,16.0443,15.8567,15.2898,15.9510,15.2747,-4.3569,7.2344,14.0903,38.8732,31.1194,37.6811,40.8200,37.9520,33.5648,-10.2412,18.7001,33.7960,54.4234,62.8490,57.4497,55.2390,51.5533,53.4696,-0.6612,43.8217,53.2987,86.3068,82.2417,87.4727,91.1919,83.7772,77.6240,-3.9990,61.9334,90.2417
35,34.4568,37.6264,35.5342,34.2465,33.7400,32.3352,-3.6352,22.3574,31.1976,63.6789,56.5820,63.4351,66.8690,62.6825,54.3162,-8.2714,38.1834,59.8154,17.0992,17.1627,17.1474,16.4923,17.2898,15.6747,-4.3401,7.6932,14.7653,41.5814,33.4561,40.4345,43.1763,40.9638,34.3562,-10.2421,19.0976,34.8744,57.1491,65.7224,60.0048,57.9045,54.7601,54.4467,-0.4576,44.5546,53.3177,90.2193,85.7489,91.4538,95.5200,88.7546,78.7323,-3.9751,63.4323,91.4386
36,36.5164,39.5791,37.5204,36.1876,35.9624,33.1319,-3.5422,23.1201,31.7925,67.0746,59.5518,66.8530,70.2149,66.6853,55.5152,-8.2502,39.1862,61.0464,18.4165,18.2910,18.4540,17.7063,18.6070,16.0933,-4.3215,8.2040,15.4739,44.3195,35.8896,43.2138,45.5553,43.8276,35.2848,-10.2309,19.5678,36.0186,59.9166,68.6110,62.5940,60.5730,57.9752,55.7172,-0.2427,45.5289,53.3961,94.1972,89.1661,95.4205,99.9497,94.0259,80.1981,-3.9407,65.1484,92.6383
37,38.5686,41.5339,39.5072,38.1165,38.1230,34.0215,-3.4405,24.0191,32.4186,70.4760,62.5319,70.2470,73.5653,70.5968,56.9132,-8.2126,40.3278,62.2873,19.7131,19.4274,19.7601,18.9098,19.8634,16.5112,-4.2992,8.7670,16.1934,47.0506,38.4007,45.9966,47.9350,46.4603,36.3071,-10.1998,20.1263,37.2176,62.7093,71.4879,65.1860,63.2310,61.1540,57.2445,-0.0122,46.7632,53.5364,98.2003,92.4839,99.3229,104.3896,99.4420,82.0035,-3.8980,67.0650,93.7745
38,40.5794,43.4713,41.4691,39.9928,40.1446,34.9811,-3.3302,25.0623,33.0811,73.8348,65.5001,73.5738,76.8615,74.3027,58.4538,-8.1585,41.5999,63.5155,20.9677,20.5685,21.0392,20.0943,21.0256,16.9094,-4.2732,9.3839,16.9085,49.7346,40.9784,48.7403,50.3034,48.8100,37.3640,-10.1513,20.7664,38.4606,65.4801,74.3064,67.7688,65.7866,64.1578,59.0072,0.2340,48.2754,53.7864,102.1742,95.6663,103.1223,108.7140,104.8047,84.1050,-3.8424,69.1722,94.8093
39,42.4988,45.3685,43.3749,41.7731,42.0024,35.9539,-3.2105,26.2472,33.7665,77.0890,68.4304,76.7750,80.0232,77.7281,60.0770,-8.0821,43.0024,64.7104,22.1434,21.7004,22.2724,21.2160,22.0613,17.2539,-4.2408,10.0513,17.5892,52.3376,43.5918,51.4064,52.6310,50.8346,38.4071,-10.0779,21.4989,39.7400,68.1733,77.0346,70.2981,68.2159,66.9892,60.9244,0.4916,50.0663,54.1753,106.0198,98.6983,106.7365,112.7726,109.9973,86.4316,-3.7719,71.4525,95.7038
40,44.2762,47.1899,45.1776,43.4131,43.5843,36.9004,-3.0786,27.5788,34.4511,80.1780,71.2882,79.7979,82.9717,80.6810,61.7072,-7.9755,44.5406,65.8658,23.2101,22.8086,23.4278,22.2639,22.9237,17.5498,-4.2031,10.7733,18.1979,54.8159,46.2099,53.9559,54.8819,52.4334,39.3816,-9.9696,22.3439,41.0566,70.7156,79.6070,72.7150,70.4218,69.4430,62.8763,0.7714,52.1404,54.7196,109.6584,101.5442,110.0986,116.4293,114.7079,88.8850,-3.6826,73.8866,96.4414
41,45.8493,48.8945,46.8280,44.8425,44.8706,37.7626,-2.9367,29.0520,35.1210,83.0160,74.0369,82.5716,85.5931,83.0144,63.2580,-7.8389,46.2104,66.9503,24.1194,23.8713,24.4802,23.1802,23.5842,17.7557,-4.1519,11.5516,18.7024,57.1091,48.7967,56.3203,57.0004,53.5347,40.2376,-9.8286,23.3018,42.3923,73.0421,81.9578,74.9395,72.3380,71.5274,64.7936,1.0489,54.4801,55.4528,112.9756,104.1719,113.1436,119.4926,118.6894,91.3329,-3.5720,76.4644,96.9741
42,47.1457,50.4375,48.2637,46.0143,45.8700,38.4782,-2.7813,30.6512,35.7440,85.5090,76.6371,85.0089,87.7933,84.6952,64.6281,-7.6613,48.0204,67.9572,24.8433,24.8620,25.3982,23.9369,24.0437,17.8978,-4.0911,12.3831,19.0549,59.1485,51.2995,58.4330,58.9078,54.1061,40.9172,-9.6403,24.3931,43.7187,75.0153,84.0227,76.8694,73.8965,73.2653,66.4487,1.3427,57.0493,56.3910,115.8492,106.5683,115.7630,121.8569,121.9121,93.6181,-3.4361,79.1736,97.3307
43,48.1183,51.7617,49.4237,46.8609,46.3144,38.9928,-2.6141,32.3534,36.2839,87.5747,79.0390,87.0389,89.4606,85.5374,65.7169,-7.4385,49.9807,68.8662,25.3357,25.7460,26.1450,24.4900,24.2062,17.9154,-4.0141,13.2703,19.2329,60.8626,53.6682,60.2221,60.5393,54.0690,41.3760,-9.4021,25.6360,44.9780,76.6068,85.7206,78.4173,75.0084,74.1298,67.8246,1.6328,59.7790,57.4839,118.1919,108.6911,117.8974,123.3507,124.0445,95.5641,-3.2687,82.0104,97.5534
44,48.6613,52.7784,50.2229,47.3191,46.2668,39.2503,-2.4351,34.1299,36.7178,89.0930,81.1738,88.5533,90.4674,85.4178,66.4090,-7.1672,52.0954,69.6420,25.5638,26.4777,26.6776,24.7834,24.0675,17.8231,-3.9177,14.2189,19.2446,62.1310,55.8202,61.5672,61.7458,53.3506,41.5530,-9.1079,27.0300,46.0844,77.5985,86.9077,79.4441,75.6236,74.3038,68.7351,1.9133,62.5784,58.6510,119.8999,110.5032,119.4733,123.8989,124.8995,96.9842,-3.0715,84.9853,97.6934
45,48.7595,53.4343,50.5915,47.3553,45.7256,39.1826,-2.2423,35.9421,37.0150,89.9699,82.9853,89.4675,90.7399,84.3887,66.5963,-6.8403,54.3663,70.2661,25.4940,27.0203,26.9635,24.7873,23.6265,17.5897,-3.8054,15.2199,19.1049,62.8485,57.6843,62.3750,62.4562,52.0135,41.3806,-8.7502,28.5720,46.9336,78.0218,87.5187,79.8292,75.7145,73.7850,69.0619,2.1965,65.3604,59.7747,120.9105,111.9799,120.4313,123.4332,124.5053,97.7212,-2.8392,88.1081,97.8710
46,48.3246,53.6801,50.4860,46.8855,44.6540,38.7572,-2.0441,37.7396,37.1377,90.0813,84.3787,89.6543,90.1454,82.3375,66.1893,-6.4615,56.7873,70.6836,25.0983,27.3185,26.9524,24.4531,22.8780,17.1930,-3.6660,16.2585,18.8239,62.8652,59.1533,62.5028,62.4464,50.0087,40.8159,-8.3343,30.2519,47.4167,77.6956,87.5393,79.5635,75.1571,72.4838,68.7638,2.4351,68.0197,60.7295,121.1579,113.0596,120.6867,121.9855,122.6635,97.6227,-2.5719,91.3797,98.1258
47,47.3350,53.3964,49.7936,45.9170,43.0796,37.9338,-1.8338,39.4689,37.0722,89.3540,85.2525,89.0527,88.6456,79.2719,65.0950,-6.0305,59.3394,70.8614,24.3698,27.3049,26.5827,23.7730,21.8456,16.6272,-3.5079,17.3071,18.4096,62.0691,60.1097,61.8654,61.6028,47.3788,39.8107,-7.8591,32.0582,47.4480,76.5759,86.7891,78.4723,73.9891,70.4240,67.7438,2.6660,70.4697,61.4596,120.6411,113.6805,120.2253,119.6436,119.3248,96.5371,-2.2715,94.7719,98.5132
48,45.7633,52.5480,48.4938,44.4181,41.0209,36.6854,-1.6237,41.0563,36.7985,87.6836,85.5197,87.5493,86.1966,75.2911,63.2427,-5.5531,61.9769,70.7480,23.3012,26.9386,25.8344,22.7373,20.5414,15.8701,-3.3272,18.3190,17.8733,60.3514,60.4594,60.3536,59.7452,44.2317,38.3047,-7.3315,33.9640,46.9988,74.6031,85.2620,76.5436,72.1444,67.6302,65.9753,2.8466,72.6101,61.8852,119.2775,113.7788,118.9435,116.5872,114.5610,94.3873,-1.9402,98.2151,98.9529
49,43.6377,51.0755,46.5908,42.4113,38.5216,35.0212,-1.4107,42.4234,36.2948,85.0390,85.0428,85.0973,82.7747,70.4813,60.6514,-5.0400,64.6383,70.2885,21.9182,26.1539,24.6888,21.3750,19.0200,14.9390,-3.1293,19.2255,17.2121,57.6952,60.0605,57.9634,56.7741,40.6376,36.3161,-6.7656,35.9444,46.0394,71.7987,82.9381,73.8293,69.6208,64.1024,63.4464,2.9970,74.3762,61.9536,117.0171,113.2430,116.7318,112.9175,108.4717,91.1901,-1.5826,101.5977,99.3565
50,40.9955,49.0112,44.0971,39.9294,35.6587,32.9814,-1.2053,43.5146,35.5652,81.4299,83.7243,81.7010,78.4673,64.9390,57.3051,-4.5045,67.2476,69.4623,20.2563,24.9426,23.1436,19.7171,17.3007,13.8397,-2.9165,19.9643,16.4321,54.1694,58.8244,54.7515,52.7935,36.6582,33.8134,-6.1742,37.9713,44.5835,68.1867,79.9247,70.3693,66.4409,60.0104,60.2544,3.0942,75.7528,61.6614,113.7739,111.9750,113.5102,108.6830,101.1960,86.9571,-1.2105,104.7778,99.6520
51,37.8409,46.2018,40.9828,36.9846,32.4878,30.5503,-1.0082,44.2130,34.5654,76.7899,81.4380,77.2711,73.2634,58.8620,53.2477,-3.9578,69.7023,68.1853,18.3440,23.2796,21.2111,17.8215,15.4729,12.5835,-2.6925,20.4506,15.5233,49.7899,56.6587,50.6928,47.8962,32.4799,30.8795,-5.5727,40.0040,42.6544,63.7167,75.8560,66.0542,62.5109,55.3095,56.3316,3.1438,76.6040,60.9099,109.3590,109.8120,109.0991,103.7084,92.9223,81.6637,-0.8272,107.5679,99.5947
52,34.3324,42.8394,37.4134,33.7131,29.1357,27.8497,-0.8297,44.4956,33.3164,71.2940,78.1399,71.9705,67.3892,52.4406,48.6044,-3.4197,71.8906,66.4665,16.2707,21.2381,18.9845,15.7664,13.5652,11.2192,-2.4631,20.6222,14.4925,44.8043,53.5627,46.0204,42.3858,28.1797,27.5659,-4.9809,41.9663,40.2627,58.6275,71.0985,61.1345,58.0329,50.2864,51.9054,3.1305,77.0039,59.7411,103.8070,106.6468,103.5267,98.0647,83.9960,75.5358,-0.4494,109.8151,99.1900
53,30.5637,38.9551,33.4803,30.1912,25.6953,24.9445,-0.6672,44.3028,31.7952,65.0442,73.7921,65.8739,60.9616,45.8539,43.5266,-2.9026,73.6938,64.2633,14.1132,18.8774,16.5627,13.6437,11.6709,9.7968,-2.2360,20.4170,13.3304,39.3735,49.5728,40.8570,36.5010,23.8708,24.0099,-4.4139,43.7522,37.4338,53.0077,65.6074,55.6436,53.0153,44.9911,47.0447,3.0784,76.9250,58.1127,97.1115,102.3279,96.7807,91.6579,74.6768,68.7259,-0.0835,111.3966,98.2923
54,26.6550,34.6730,29.3073,26.5414,22.2641,21.9103,-0.5299,43.5766,30.0166,58.2162,68.4576,59.1547,54.2204,39.3015,38.1716,-2.4225,74.9629,61.5704,11.9342,16.3070,14.0457,11.5100,9.8199,8.3492,-2.0131,19.8015,12.0503,33.7148,44.8120,35.4011,30.4947,19.6600,20.3385,-3.8899,45.1957,34.2343,47.0505,59.4839,49.7024,47.6704,39.6259,41.8844,2.9660,76.2809,56.0361,89.3574,96.8134,88.9699,84.6735,65.2847,61.4183,0.2599,112.2112,96.7821
55,22.7497,30.1291,25.0662,22.8679,18.9345,18.8811,-0.4158,42.3272,27.9883,51.0274,62.2212,52.0234,47.3364,32.9903,32.7285,-1.9923,75.5565,58.4191,9.8288,13.6370,11.5547,9.4644,8.0789,6.9414,-1.7992,18.7513,10.6571,28.0636,39.4283,29.8625,24.6238,15.6847,16.7140,-3.4170,46.0597,30.7384,40.9413,52.8594,43.5171,42.0668,34.2983,36.6506,2.8098,75.1539,53.5211,80.7032,90.0757,80.2771,77.1209,56.1099,53.8191,0.5622,112.2902,94.6180
56,18.9696,25.5183,20.9040,19.2928,15.7897,15.9099,-0.3289,40.5527,25.7462,43.7343,55.2899,44.7287,40.5628,27.0746,27.3908,-1.6143,75.3420,54.8365,7.8477,10.9951,9.1994,7.5536,6.4797,5.6038,-1.6018,17.2716,9.1825,22.6348,33.6686,24.4491,19.1068,11.9948,13.2677,-3.0035,46.0859,27.0346,34.9027,45.9894,37.2505,36.4373,29.1674,31.4218,2.6149,73.5268,50.5978,71.4369,82.2289,70.9820,69.2740,47.4521,46.1942,0.8311,111.7204,91.7248
57,15.4158,21.0100,16.9580,15.9049,12.8876,13.1179,-0.2665,38.2798,23.3430,36.5703,47.9109,37.5233,34.0628,21.6295,22.3313,-1.2983,74.1970,50.8745,6.0482,8.5112,7.0493,5.8290,5.0528,4.3885,-1.4146,15.4118,7.6736,17.6196,27.7833,19.3657,14.1192,8.6285,10.1372,-2.6544,45.0142,23.2379,29.0873,39.0539,31.1275,30.9135,24.3248,26.4171,2.3752,71.3649,47.3070,61.8264,73.4810,61.3788,61.2537,39.4347,38.7487,1.0505,110.6164,88.0463
58,12.2079,16.7901,13.3635,12.7962,10.2952,10.5516,-0.2270,35.5827,20.8155,29.7841,40.3890,30.6507,28.0290,16.8318,17.7018,-1.0416,72.0424,46.5938,4.4833,6.2909,5.1879,4.3285,3.8232,3.3052,-1.2482,13.2666,6.1665,13.1716,22.0637,14.7732,9.7882,5.7245,7.4114,-2.3671,42.6966,19.4441,23.7077,32.3319,25.3361,25.6647,19.9002,21.7430,2.1183,68.6641,43.6703,52.2384,64.1165,51.8096,53.3309,32.2713,31.7142,1.2228,109.0206,83.5790
59,9.3808,12.9871,10.1961,10.0274,8.0124,8.2684,-0.2076,32.5194,18.2546,23.5566,33.0284,24.3206,22.5761,12.6857,13.6018,-0.8419,68.8268,42.0946,3.1593,4.3776,3.6388,3.0648,2.7791,2.3883,-1.0988,10.9325,4.7283,9.3637,16.7653,10.7667,6.1962,3.2941,5.1317,-2.1301,39.1420,15.7770,18.8452,26.0817,20.0328,20.8302,15.9191,17.4811,1.8433,65.3714,39.7903,43.0019,54.4751,42.6379,45.6552,25.9542,25.2695,1.3352,106.7921,78.3708
60,6.9879,9.6758,7.5042,7.6323,6.0843,6.3056,-0.2034,29.1957,15.7281,18.0483,26.1218,18.6927,17.7767,9.1661,10.1012,-0.6947,64.5987,37.4557,2.0870,2.7920,2.3989,2.0363,1.9422,1.6295,-0.9642,8.5512,3.4103,6.2617,12.0817,7.4482,3.3275,1.2444,3.3178,-1.9418,34.5267,12.3348,14.6232,20.4630,15.3573,16.5061,12.4576,13.7529,1.5590,61.4665,35.7412,34.4063,44.9678,34.0945,38.4312,20.5702,19.5550,1.3963,103.7681,72.4592
61,5.0150,6.9365,5.3027,5.6267,4.4674,4.6662,-0.2117,25.7149,13.2961,13.3628,19.9196,13.8860,13.6821,6.3284,7.2050,-0.5917,59.4644,32.7753,1.2573,1.5596,1.4596,1.2512,1.2666,1.0315,-0.8503,6.2643,2.2397,3.8507,8.1744,4.8049,1.2023,-0.2908,1.9291,-1.7974,29.1581,9.2009,11.0230,15.6408,11.3694,12.7179,9.4974,10.5603,1.2859,56.9228,31.6277,26.7304,35.9523,26.4917,31.7527,16.0413,14.6481,1.4188,99.7187,65.9525
62,3.4651,4.7767,3.5718,4.0121,3.1830,3.3265,-0.2279,22.1816,11.0272,9.4839,14.5973,9.8974,10.2734,4.1045,4.9025,-0.5268,53.6100,28.1696,0.6450,0.6604,0.7929,0.6524,0.7735,0.5645,-0.7493,4.1821,1.2445,2.0538,5.1087,2.8014,-0.3069,-1.3579,0.9267,-1.6743,23.3545,6.4599,8.1078,11.6794,8.0762,9.5952,7.0500,7.9035,1.0197,51.7851,27.5775,20.0575,27.7565,19.8793,25.7771,12.2746,10.5843,1.3815,94.5926,59.0008
63,2.2630,3.1195,2.2712,2.7184,2.1540,2.2709,-0.2472,18.6995,8.9558,6.4372,10.2031,6.7541,7.4996,2.3684,3.1333,-0.4928,47.2929,23.7251,0.2210,0.0193,0.3333,0.2440,0.3902,0.2328,-0.6626,2.3980,0.4189,0.8144,2.8099,1.3818,-1.2553,-2.1610,0.2398,-1.5722,17.4942,4.1360,5.7351,8.5325,5.5110,6.9363,5.0635,5.7309,0.7764,46.1330,23.6973,14.5412,20.6182,14.4135,20.4668,9.2860,7.3283,1.3019,88.4184,51.7789
64,1.3904,1.9160,1.3242,1.7632,1.3902,1.4795,-0.2689,15.3678,7.1220,4.1100,6.7737,4.3394,5.3172,1.1133,1.8278,-0.4810,40.7751,19.5545,-0.0609,-0.3956,0.0418,-0.0376,0.1410,-0.0025,-0.5895,0.9751,-0.2519,0.0168,1.2483,0.4284,-1.7871,-2.5764,-0.1995,-1.4867,11.9139,2.2532,3.9555,6.1360,3.5482,4.9293,3.5116,4.0723,0.5560,40.1008,20.1303,10.0892,14.6755,9.9953,15.9459,6.8613,4.8177,1.1943,81.3025,44.5254
65,0.7623,1.0895,0.6713,1.0408,0.8127,0.8831,-0.2888,12.2821,5.5482,2.4146,4.2048,2.5726,3.6260,0.2590,0.9067,-0.4856,34.3471,15.7401,-0.2172,-0.6273,-0.1245,-0.1973,-0.0372,-0.1531,-0.5265,-0.0647,-0.7757,-0.4474,0.2545,-0.1536,-1.9854,-2.7098,-0.4614,-1.3957,6.9241,0.8074,2.5726,4.3730,2.1188,3.2944,2.3156,2.7639,0.3628,33.9031,16.9548,6.6588,9.9423,6.5776,12.1005,4.9722,2.9698,1.0373,73.4630,37.4498
66,0.3478,0.5405,0.2472,0.5519,0.4087,0.4632,-0.3058,9.5065,4.2275,1.2520,2.3902,1.3608,2.3603,-0.3375,0.2796,-0.5018,28.2328,12.3578,-0.2987,-0.7192,-0.2098,-0.2846,-0.1419,-0.2442,-0.4729,-0.7434,-1.1890,-0.6734,-0.2871,-0.4698,-1.9667,-2.7042,-0.5934,-1.3093,2.7475,-0.2264,1.6121,3.0658,1.1404,2.1424,1.4350,1.8099,0.1984,27.7645,14.2325,4.1589,6.3422,4.1008,8.9554,3.4950,1.6373,0.8592,65.0948,30.7786
67,0.0711,0.1897,-0.0171,0.2122,0.1294,0.1739,-0.3189,7.0878,3.1541,0.4753,1.1676,0.5408,1.4310,-0.6773,-0.1211,-0.5233,22.6245,9.4522,-0.3213,-0.7091,-0.2486,-0.3108,-0.2042,-0.2891,-0.4292,-1.1133,-1.5032,-0.7418,-0.5488,-0.6030,-1.8158,-2.5313,-0.6500,-1.2187,-0.4892,-0.8869,0.9012,2.0793,0.4990,1.2659,0.8043,1.1133,0.0662,21.9286,11.9723,2.3565,3.7516,2.2957,6.4267,2.3821,0.7416,0.6616,56.4685,24.6837
68,-0.0931,-0.0250,-0.1678,-0.0017,-0.0550,-0.0180,-0.3294,5.0701,2.3092,-0.0031,0.4039,0.0324,0.7610,-0.8488,-0.3641,-0.5477,17.6666,7.0323,-0.3158,-0.6337,-0.2576,-0.3103,-0.2366,-0.3049,-0.3913,-1.2290,-1.7203,-0.7215,-0.6113,-0.6343,-1.5995,-2.2205,-0.6583,-1.1232,-2.7559,-1.2315,0.4377,1.3234,0.1049,0.6771,0.3686,0.6205,-0.0460,16.6367,10.1268,1.1466,1.9721,1.0944,4.4318,1.4628,0.1570,0.4485,47.8914,19.2786
69,-0.1905,-0.1513,-0.2470,-0.1344,-0.1707,-0.1387,-0.3352,3.4570,1.6610,-0.2813,-0.0373,-0.2635,0.2950,-0.9111,-0.5000,-0.5721,13.4037,5.0594,-0.2941,-0.5284,-0.2581,-0.2920,-0.2510,-0.3026,-0.3609,-1.1648,-1.8386,-0.6650,-0.5812,-0.6072,-1.3570,-1.9063,-0.6453,-1.0286,-4.1515,-1.3547,0.1224,0.7449,-0.1120,0.2720,0.0822,0.2834,-0.1287,12.0615,8.6048,0.3715,0.8378,0.3227,2.8968,0.8068,-0.1985,0.2373,39.6316,14.6198
70,-0.2410,-0.2227,-0.2838,-0.2106,-0.2400,-0.2119,-0.3396,2.2200,1.1520,-0.4303,-0.2691,-0.4258,-0.0261,-0.9004,-0.5641,-0.5941,9.8731,3.5189,-0.2701,-0.4233,-0.2545,-0.2705,-0.2606,-0.2901,-0.3355,-0.9998,-1.8528,-0.5929,-0.5113,-0.5644,-1.1419,-1.5483,-0.6244,-0.9350,-4.7831,-1.3045,-0.0692,0.3178,-0.2211,0.0153,-0.0870,0.0549,-0.1964,8.2989,7.2371,-0.1107,0.1554,-0.1452,1.7624,0.2604,-0.3897,0.0333,31.9520,10.7479
71,-0.2656,-0.2616,-0.2973,-0.2499,-0.2778,-0.2511,-0.3403,1.3205,0.8008,-0.4971,-0.3769,-0.5004,-0.2395,-0.8411,-0.5894,-0.6124,7.0534,2.3507,-0.2505,-0.3343,-0.2496,-0.2541,-0.2655,-0.2743,-0.3158,-0.7939,-1.7742,-0.5363,-0.4542,-0.5269,-0.9378,-1.2228,-0.6040,-0.8492,-4.8231,-1.1513,-0.1797,0.0154,-0.2688,-0.1287,-0.1802,-0.0875,-0.2415,5.3739,6.0989,-0.3656,-0.2011,-0.3888,0.9106,-0.1142,-0.4845,-0.1488,25.0757,7.6274
72,-0.2769,-0.2824,-0.3008,-0.2713,-0.2985,-0.2721,-0.3401,0.7017,0.5417,-0.5257,-0.4135,-0.5328,-0.3787,-0.7676,-0.5888,-0.6266,4.8566,1.4881,-0.2378,-0.2708,-0.2447,-0.2457,-0.2700,-0.2588,-0.3003,-0.5931,-1.6172,-0.5016,-0.4405,-0.5034,-0.7972,-1.0008,-0.5812,-0.7695,-4.4732,-0.9599,-0.2386,-0.1815,-0.2894,-0.2062,-0.2273,-0.1793,-0.2753,3.2319,5.0417,-0.4915,-0.3131,-0.5062,0.3431,-0.2885,-0.5195,-0.3112,19.1090,5.1981
73,-0.2819,-0.2937,-0.3019,-0.2807,-0.3081,-0.2800,-0.3386,0.3024,0.3480,-0.5352,-0.4217,-0.5434,-0.4719,-0.6931,-0.5805,-0.6367,3.2057,0.8796,-0.2329,-0.2349,-0.2411,-0.2447,-0.2726,-0.2470,-0.2891,-0.4245,-1.4022,-0.4888,-0.4543,-0.4965,-0.6781,-0.9402,-0.5631,-0.7057,-3.8929,-0.7618,-0.2633,-0.2914,-0.3001,-0.2339,-0.2480,-0.2269,-0.2956,1.7638,4.0371,-0.5353,-0.3114,-0.5435,-0.0767,-0.2021,-0.5281,-0.4383,14.1174,3.3836
74,-0.2865,-0.3014,-0.3040,-0.2875,-0.3136,-0.2828,-0.3365,0.0630,0.2040,-0.5397,-0.4215,-0.5486,-0.5298,-0.6390,-0.5685,-0.6413,2.0126,0.4665,-0.2329,-0.2237,-0.2402,-0.2477,-0.2744,-0.2377,-0.2804,-0.2986,-1.1571,-0.4923,-0.4605,-0.4989,-0.6190,-0.9803,-0.5463,-0.6538,-3.2194,-0.5800,-0.2758,-0.3368,-0.3080,-0.2460,-0.2590,-0.2550,-0.3090,0.8293,3.1028,-0.5408,-0.3008,-0.5523,-0.3137,-0.0046,-0.5255,-0.5328,10.1034,2.0759
75,-0.2917,-0.3087,-0.3089,-0.2926,-0.3182,-0.2817,-0.3338,-0.0693,0.0957,-0.5469,-0.4260,-0.5550,-0.5732,-0.5924,-0.5563,-0.6429,1.1690,0.1980,-0.2360,-0.2264,-0.2426,-0.2515,-0.2767,-0.2318,-0.2742,-0.2149,-0.9114,-0.5037,-0.4519,-0.5080,-0.5840,-1.0540,-0.5311,-0.6140,-2.5564,-0.4292,-0.2834,-0.3513,-0.3161,-0.2518,-0.2668,-0.2649,-0.3150,0.2818,2.2655,-0.5404,-0.3256,-0.5535,-0.4767,0.2279,-0.5197,-0.6002,6.9664,1.1738
76,-0.2996,-0.3177,-0.3170,-0.2995,-0.3216,-0.2820,-0.3309,-0.1357,0.0118,-0.5599,-0.4369,-0.5667,-0.6035,-0.5725,-0.5449,-0.6400,0.5911,0.0317,-0.2420,-0.2333,-0.2482,-0.2571,-0.2782,-0.2280,-0.2693,-0.1693,-0.6881,-0.5217,-0.4449,-0.5241,-0.5859,-1.1226,-0.5177,-0.5923,-1.9619,-0.3152,-0.2920,-0.3608,-0.3259,-0.2584,-0.2730,-0.2742,-0.3179,-0.0010,1.5441,-0.5435,-0.3638,-0.5565,-0.5483,0.3867,-0.5130,-0.6278,4.5930,0.5823
77,-0.3092,-0.3289,-0.3273,-0.3074,-0.3253,-0.2795,-0.3275,-0.1657,-0.0530,-0.5789,-0.4567,-0.5840,-0.6322,-0.5866,-0.5345,-0.6346,0.2112,-0.0648,-0.2493,-0.2417,-0.2560,-0.2631,-0.2800,-0.2251,-0.2653,-0.1528,-0.5022,-0.5451,-0.4415,-0.5459,-0.6002,-1.1398,-0.5060,-0.5791,-1.4534,-0.2400,-0.3022,-0.3731,-0.3373,-0.2669,-0.2791,-0.2736,-0.3172,-0.1197,0.9575,-0.5527,-0.4179,-0.5641,-0.5960,0.3794,-0.5061,-0.6356,2.8446,0.2244
78,-0.3203,-0.3421,-0.3393,-0.3166,-0.3292,-0.2768,-0.3238,-0.1763,-0.1036,-0.6032,-0.4816,-0.6062,-0.6587,-0.6074,-0.5236,-0.6263,-0.0313,-0.1202,-0.2579,-0.2513,-0.2651,-0.2700,-0.2819,-0.2230,-0.2617,-0.1527,-0.3632,-0.5722,-0.4566,-0.5715,-0.6211,-1.1604,-0.4948,-0.5722,-1.0454,-0.2080,-0.3138,-0.3882,-0.3501,-0.2772,-0.2858,-0.2709,-0.3152,-0.1491,0.5133,-0.5693,-0.4551,-0.5779,-0.6278,0.3611,-0.4974,-0.6262,1.5952,0.0368
79,-0.3317,-0.3564,-0.3515,-0.3261,-0.3328,-0.2729,-0.3194,-0.1776,-0.1421,-0.6308,-0.5099,-0.6316,-0.6862,-0.6468,-0.5112,-0.6164,-0.1792,-0.1514,-0.2666,-0.2615,-0.2745,-0.2766,-0.2833,-0.2209,-0.2580,-0.1535,-0.2739,-0.6005,-0.4852,-0.5984,-0.6447,-1.1519,-0.4832,-0.5673,-0.7471,-0.2084,-0.3260,-0.4051,-0.3632,-0.2886,-0.2925,-0.2647,-0.3113,-0.1510,0.2112,-0.5921,-0.4789,-0.5975,-0.6577,0.2506,-0.4854,-0.6099,0.7539,-0.0393
80,-0.3424,-0.3705,-0.3627,-0.3350,-0.3355,-0.2673,-0.3144,-0.1750,-0.1712,-0.6596,-0.5383,-0.6580,-0.7130,-0.7058,-0.4951,-0.6047,-0.2640,-0.1702,-0.2746,-0.2711,-0.2828,-0.2825,-0.2839,-0.2182,-0.2539,-0.1515,-0.2328,-0.6278,-0.5168,-0.6241,-0.6685,-1.1048,-0.4698,-0.5625,-0.5593,-0.2191,-0.3379,-0.4227,-0.3755,-0.3003,-0.2985,-0.2553,-0.3063,-0.1484,0.0409,-0.6192,-0.4981,-0.6212,-0.6855,0.0300,-0.4670,-0.5886,0.2448,-0.0684
81,-0.3511,-0.3831,-0.3716,-0.3423,-0.3363,-0.2588,-0.3084,-0.1714,-0.1934,-0.6872,-0.5653,-0.6831,-0.7383,-0.7586,-0.4736,-0.5914,-0.3069,-0.1844,-0.2809,-0.2796,-0.2893,-0.2867,-0.2829,-0.2139,-0.2492,-0.1480,-0.2276,-0.6523,-0.5434,-0.6470,-0.6912,-1.0612,-0.4536,-0.5574,-0.4649,-0.2277,-0.3480,-0.4389,-0.3859,-0.3109,-0.3029,-0.2414,-0.3002,-0.1460,-0.0316,-0.6481,-0.5220,-0.6465,-0.7115,-0.1696,-0.4403,-0.5641,-0.0117,-0.0897
82,-0.3568,-0.3929,-0.3770,-0.3472,-0.3348,-0.2468,-0.3014,-0.1681,-0.2102,-0.7107,-0.5888,-0.7041,-0.7594,-0.8097,-0.4450,-0.5772,-0.3241,-0.1961,-0.2844,-0.2859,-0.2929,-0.2888,-0.2801,-0.2073,-0.2437,-0.1447,-0.2361,-0.6720,-0.5613,-0.6655,-0.7105,-1.0013,-0.4337,-0.5509,-0.4117,-0.2360,-0.3558,-0.4517,-0.3928,-0.3199,-0.3049,-0.2231,-0.2931,-0.1441,-0.0591,-0.6742,-0.5515,-0.6686,-0.7328,-0.3911,-0.4015,-0.5395,-0.1392,-0.1050
83,-0.3582,-0.3980,-0.3778,-0.3483,-0.3302,-0.2299,-0.2935,-0.1661,-0.2226,-0.7275,-0.6079,-0.7187,-0.7741,-0.8521,-0.4075,-0.5618,-0.3263,-0.2070,-0.2846,-0.2890,-0.2928,-0.2877,-0.2750,-0.1970,-0.2373,-0.1428,-0.2444,-0.6858,-0.5716,-0.6785,-0.7238,-0.9399,-0.4089,-0.5433,-0.3744,-0.2479,-0.3594,-0.4592,-0.3952,-0.3254,-0.3035,-0.1992,-0.2855,-0.1428,-0.0749,-0.6936,-0.5817,-0.6835,-0.7475,-0.5937,-0.3488,-0.5136,-0.2042,-0.1130
84,-0.3552,-0.3978,-0.3735,-0.3457,-0.3223,-0.2084,-0.2846,-0.1660,-0.2318,-0.7349,-0.6214,-0.7243,-0.7791,-0.8762,-0.3604,-0.5452,-0.3200,-0.2180,-0.2811,-0.2885,-0.2889,-0.2835,-0.2676,-0.1830,-0.2302,-0.1428,-0.2494,-0.6924,-0.5783,-0.6855,-0.7286,-0.8929,-0.3792,-0.5341,-0.3398,-0.2624,-0.3588,-0.4597,-0.3918,-0.3273,-0.2982,-0.1707,-0.2766,-0.1426,-0.0894,-0.7013,-0.6044,-0.6862,-0.7520,-0.7283,-0.2806,-0.4876,-0.2441,-0.1169
85,-0.3456,-0.3914,-0.3619,-0.3382,-0.3110,-0.1813,-0.2751,-0.1680,-0.2378,-0.7310,-0.6287,-0.7188,-0.7723,-0.8833,-0.3031,-0.5280,-0.3134,-0.2297,-0.2727,-0.2841,-0.2798,-0.2759,-0.2579,-0.1646,-0.2223,-0.1446,-0.2501,-0.6908,-0.5856,-0.6851,-0.7227,-0.8972,-0.3431,-0.5228,-0.3324,-0.2765,-0.3509,-0.4518,-0.3801,-0.3237,-0.2882,-0.1369,-0.2677,-0.1441,-0.1042,-0.6943,-0.6107,-0.6733,-0.7449,-0.7388,-0.1973,-0.4632,-0.2397,-0.1230
86,-0.3319,-0.3777,-0.3456,-0.3260,-0.2962,-0.1495,-0.2651,-0.1719,-0.2405,-0.7132,-0.6275,-0.7005,-0.7509,-0.8587,-0.2359,-0.5102,-0.3087,-0.2427,-0.2608,-0.2748,-0.2670,-0.2645,-0.2460,-0.1421,-0.2141,-0.1478,-0.2467,-0.6795,-0.5928,-0.6762,-0.7039,-0.9031,-0.3004,-0.5095,-0.3314,-0.2893,-0.3392,-0.4346,-0.3634,-0.3151,-0.2737,-0.0987,-0.2583,-0.1477,-0.1190,-0.6684,-0.5962,-0.6424,-0.7223,-0.6688,-0.1002,-0.4406,-0.2297,-0.1347
87,-0.3128,-0.3573,-0.3246,-0.3093,-0.2748,-0.1135,-0.2550,-0.1769,-0.2400,-0.6816,-0.6172,-0.6692,-0.7149,-0.8155,-0.1604,-0.4922,-0.3099,-0.2566,-0.2453,-0.2610,-0.2510,-0.2502,-0.2263,-0.1164,-0.2058,-0.1514,-0.2397,-0.6578,-0.5951,-0.6573,-0.6719,-0.9126,-0.2510,-0.4944,-0.3317,-0.3005,-0.3210,-0.4088,-0.3409,-0.3005,-0.2582,-0.0562,-0.2489,-0.1536,-0.1331,-0.6255,-0.5673,-0.5957,-0.6849,-0.5475,0.0066,-0.4206,-0.2323,-0.1509
88,-0.2897,-0.3311,-0.2978,-0.2884,-0.2521,-0.0746,-0.2455,-0.1822,-0.2368,-0.6357,-0.5958,-0.6244,-0.6636,-0.7556,-0.0787,-0.4749,-0.3171,-0.2715,-0.2269,-0.2433,-0.2309,-0.2330,-0.2078,-0.0887,-0.1977,-0.1548,-0.2302,-0.6244,-0.5869,-0.6268,-0.6268,-0.9201,-0.1953,-0.4784,-0.3276,-0.3111,-0.2980,-0.3757,-0.3114,-0.2808,-0.2366,-0.0103,-0.2405,-0.1609,-0.1453,-0.5658,-0.5278,-0.5343,-0.6307,-0.3879,0.1188,-0.4036,-0.2565,-0.1707
89,-0.2633,-0.3002,-0.2674,-0.2644,-0.2292,-0.0349,-0.2369,-0.1869,-0.2310,-0.5773,-0.5624,-0.5683,-0.5996,-0.6635,0.0056,-0.4592,-0.3273,-0.2872,-0.2065,-0.2220,-0.2083,-0.2140,-0.1908,-0.0612,-0.1902,-0.1571,-0.2190,-0.5798,-0.5636,-0.5849,-0.5707,-0.8512,-0.1349,-0.4634,-0.3271,-0.3220,-0.2702,-0.3374,-0.2775,-0.2568,-0.2107,0.0384,-0.2332,-0.1686,-0.1539,-0.4935,-0.4826,-0.4633,-0.5630,-0.2715,0.2294,-0.3890,-0.2824,-0.1918
90,-0.2350,-0.2669,-0.2355,-0.2384,-0.2060,0.0037,-0.2297,-0.1901,-0.2235,-0.5097,-0.5172,-0.5039,-0.5261,-0.5670,0.0884,-0.4459,-0.3404,-0.3034,-0.1852,-0.1985,-0.1843,-0.1938,-0.1740,-0.0357,-0.1836,-0.1580,-0.2079,-0.5255,-0.5242,-0.5328,-0.5074,-0.7817,-0.0725,-0.4521,-0.3327,-0.3333,-0.2389,-0.2977,-0.2424,-0.2295,-0.1841,0.0887,-0.2281,-0.1756,-0.1576,-0.4139,-0.4344,-0.3879,-0.4831,-0.1450,0.3335,-0.3743,-0.3057,-0.2137
91,-0.2068,-0.2341,-0.2039,-0.2120,-0.1831,0.0386,-0.2249,-0.1915,-0.2151,-0.4369,-0.4622,-0.4346,-0.4477,-0.4694,0.1639,-0.4369,-0.3527,-0.3204,-0.1645,-0.1743,-0.1601,-0.1735,-0.1582,-0.0146,-0.1786,-0.1572,-0.1986,-0.4643,-0.4708,-0.4731,-0.4409,-0.7051,-0.0118,-0.4504,-0.3427,-0.3443,-0.2071,-0.2605,-0.2087,-0.2015,-0.1556,0.1380,-0.2258,-0.1810,-0.1548,-0.3327,-0.3846,-0.3128,-0.3965,-0.0275,0.4223,-0.3548,-0.3200,-0.2378
92,-0.1804,-0.2039,-0.1749,-0.1865,-0.1613,0.0678,-0.2227,-0.1912,-0.2069,-0.3655,-0.4014,-0.3669,-0.3705,-0.3633,0.2276,-0.4331,-0.3619,-0.3378,-0.1457,-0.1510,-0.1374,-0.1542,-0.1441,0.0018,-0.1760,-0.1552,-0.1923,-0.4014,-0.4074,-0.4111,-0.3767,-0.5780,0.0420,-0.4613,-0.3493,-0.3539,-0.1757,-0.2288,-0.1789,-0.1738,-0.1267,0.1823,-0.2254,-0.1847,-0.1462,-0.2574,-0.3364,-0.2453,-0.3092,0.0303,0.4930,-0.3279,-0.3321,-0.2653
93,-0.1581,-0.1797,-0.1514,-0.1639,-0.1418,0.0886,-0.2238,-0.1898,-0.1966,-0.3008,-0.3409,-0.3052,-0.2963,-0.2715,0.2732,-0.4361,-0.3679,-0.3566,-0.1302,-0.1313,-0.1180,-0.1369,-0.1329,0.0122,-0.1774,-0.1523,-0.1845,-0.3425,-0.3417,-0.3524,-0.3130,-0.4650,0.0828,-0.4891,-0.3495,-0.3638,-0.1484,-0.2055,-0.1569,-0.1498,-0.0979,0.2168,-0.2254,-0.1871,-0.1350,-0.1925,-0.2924,-0.1875,-0.2288,0.0756,0.5400,-0.2909,-0.3463,-0.2958
94,-0.1420,-0.1645,-0.1344,-0.1439,-0.1252,0.1003,-0.2286,-0.1883,-0.1919,-0.2497,-0.2877,-0.2561,-0.2391,-0.1970,0.2969,-0.4476,-0.3705,-0.3771,-0.1156,-0.1184,-0.1044,-0.1204,-0.1247,0.0168,-0.1853,-0.1496,-0.1820,-0.2943,-0.2824,-0.3037,-0.2633,-0.3673,0.1049,-0.5343,-0.3487,-0.3744,-0.1364,-0.1920,-0.1401,-0.1311,-0.0700,0.2386,-0.2212,-0.1889,-0.1276,-0.1438,-0.2563,-0.1446,-0.1674,0.1027,0.5631,-0.2472,-0.3541,-0.3292
95,-0.1322,-0.1588,-0.1263,-0.1308,-0.1186,0.1005,-0.2367,-0.1879,-0.1908,-0.2171,-0.2496,-0.2247,-0.1995,-0.1428,0.2954,-0.4673,-0.3714,-0.3993,-0.1086,-0.1148,-0.0990,-0.1097,-0.1109,0.0156,-0.2001,-0.1482,-0.1814,-0.2624,-0.2404,-0.2709,-0.2265,-0.2784,0.1027,-0.5927,-0.3489,-0.3864,-0.1249,-0.1843,-0.1297,-0.1185,-0.0824,0.2420,-0.2112,-0.1908,-0.1259,-0.1147,-0.2298,-0.1196,-0.1286,0.0939,0.5626,-0.2020,-0.3560,-0.3646
96,-0.1309,-0.1633,-0.1294,-0.1247,-0.1127,0.0907,-0.2503,-0.1897,-0.1937,-0.2066,-0.2330,-0.2132,-0.1815,-0.1112,0.2669,-0.4962,-0.3738,-0.4229,-0.1071,-0.1209,-0.1021,-0.1042,-0.1076,0.0086,-0.2284,-0.1492,-0.1823,-0.2515,-0.2253,-0.2582,-0.2069,-0.2308,0.0747,-0.6665,-0.3528,-0.4000,-0.1244,-0.1831,-0.1315,-0.1137,-0.0733,0.2304,-0.1863,-0.1937,-0.1320,-0.1061,-0.2131,-0.1118,-0.1157,0.0956,0.5375,-0.1551,-0.3557,-0.4011
97,-0.1360,-0.1792,-0.1396,-0.1250,-0.1135,0.0707,-0.2671,-0.1944,-0.2011,-0.2177,-0.2413,-0.2220,-0.1849,-0.1011,0.2143,-0.5327,-0.3798,-0.4473,-0.1135,-0.1352,-0.1148,-0.1038,-0.1100,-0.0044,-0.2649,-0.1531,-0.1841,-0.2615,-0.2380,-0.2660,-0.2063,-0.2448,0.0245,-0.7494,-0.3583,-0.4145,-0.1245,-0.1955,-0.1316,-0.1156,-0.0701,0.2041,-0.1523,-0.1981,-0.1482,-0.1174,-0.2131,-0.1210,-0.1250,0.1429,0.4882,-0.1125,-0.3617,-0.4380
98,-0.1480,-0.2033,-0.1597,-0.1313,-0.1207,0.0412,-0.2885,-0.2021,-0.2119,-0.2503,-0.2739,-0.2520,-0.2081,-0.1233,0.1399,-0.5751,-0.3913,-0.4712,-0.1274,-0.1541,-0.1361,-0.1087,-0.1107,-0.0229,-0.3142,-0.1597,-0.1870,-0.2915,-0.2735,-0.2940,-0.2278,-0.2823,-0.0441,-0.8401,-0.3675,-0.4285,-0.1270,-0.2203,-0.1399,-0.1220,-0.0884,0.1635,-0.1027,-0.2047,-0.1717,-0.1497,-0.2367,-0.1500,-0.1478,0.1480,0.4150,-0.0718,-0.3752,-0.4743
99,-0.1663,-0.2328,-0.1856,-0.1444,-0.1312,0.0052,-0.3141,-0.2122,-0.2281,-0.2987,-0.3251,-0.2970,-0.2488,-0.1606,0.0499,-0.6227,-0.4084,-0.4934,-0.1481,-0.1756,-0.1632,-0.1197,-0.1172,-0.0458,-0.3771,-0.1682,-0.1917,-0.3356,-0.3229,-0.3361,-0.2690,-0.3491,-0.1218,-0.9363,-0.3817,-0.4416,-0.1317,-0.2542,-0.1515,-0.1340,-0.1033,0.1148,-0.0350,-0.2138,-0.2059,-0.1983,-0.2836,-0.1933,-0.1822,0.1632,0.3176,-0.0348,-0.3947,-0.5080
