,Natural_y,XSy,Sy,My,Ly,Toe_y,Heel_y,Ascending_y,Descending_y,Natural_a,XSa,Sa,Ma,La,Toe_a,Heel_a,Ascending_a,Descending_a
1,0.0,0.0,0.0,0.0,0.0,0.0,0.0,0.0,0.0,0.0,0.0,0.0,0.0,0.0,0.0,0.0,0.0,0.0
2,-0.6057624816894531,-0.5954818725585938,-0.7147979736328125,-0.5713176727294922,-0.7352561950683594,2.006977081298828,-0.5093059539794922,0.9991998672485352,3.5958251953125,-1.1071739196777344,-1.2205963134765625,-0.875762939453125,-1.1953601837158203,-1.5883350372314453,2.9324722290039062,-0.538792610168457,1.4051580429077148,3.635570526123047
3,-1.1979217529296875,-1.204416275024414,-1.4063491821289062,-1.2342300415039062,-1.3330936431884766,4.197780609130859,-1.0460853576660156,2.047883987426758,7.3754119873046875,-2.3999252319335938,-2.549051284790039,-1.8943920135498047,-2.7019710540771484,-3.1425952911376953,5.841423034667969,-1.1769084930419922,2.695159912109375,7.643653869628906
4,-1.5882892608642578,-1.6906414031982422,-1.8599567413330078,-1.688314437866211,-1.7434406280517578,6.311611175537109,-1.5682735443115234,3.025132179260254,11.214235305786133,-3.331502914428711,-3.332490921020508,-2.6403751373291016,-3.904844284057617,-4.073345184326172,8.289966583251953,-1.7880334854125977,3.8160886764526367,11.499677658081055
5,-1.7017955780029297,-1.9308586120605469,-2.0348854064941406,-1.8621273040771484,-1.8088855743408203,8.25787353515625,-2.031376838684082,3.931218147277832,15.01883316040039,-3.6212844848632812,-3.4033050537109375,-2.932575225830078,-4.351428985595703,-4.133127212524414,10.301666259765625,-2.251028060913086,4.899710655212402,15.10870361328125
6,-1.5495491027832031,-1.9163475036621094,-1.9356365203857422,-1.7606525421142578,-1.632528305053711,9.986499786376953,-2.295029640197754,4.816490173339844,18.728565216064453,-3.312166213989258,-2.944499969482422,-2.810028076171875,-3.9855098724365234,-3.453632354736328,12.019908905029297,-2.5071516036987305,5.942455291748047,18.54288673400879
7,-1.2007102966308594,-1.6577472686767578,-1.609853744506836,-1.5175724029541016,-1.2177696228027344,11.486770629882812,-2.5772018432617188,5.685808181762695,22.177459716796875,-2.6227054595947266,-2.2432994842529297,-2.3828372955322266,-3.104177474975586,-2.3203792572021484,13.516456604003906,-2.6034440994262695,6.93206787109375,21.78225326538086
8,-0.7004985809326172,-1.1459712982177734,-1.1039295196533203,-1.1078739166259766,-0.600189208984375,12.761960983276367,-2.801020622253418,6.511216163635254,25.190521240234375,-1.7322864532470703,-1.4677143096923828,-1.7474632263183594,-2.026731491088867,-0.9233894348144531,14.799661636352539,-2.647808074951172,7.893368721008301,24.741777420043945
9,-0.04909706115722656,-0.4347515106201172,-0.41387939453125,-0.5733966827392578,0.040294647216796875,13.762491226196289,-2.9582462310791016,7.256570816040039,27.66981315612793,-0.71929931640625,-0.6234893798828125,-0.9581356048583984,-0.9264869689941406,0.6346797943115234,15.837270736694336,-2.7279129028320312,8.834368228912354,27.33333969116211
10,0.7213497161865234,0.38845252990722656,0.42427635192871094,0.12418174743652344,0.8309726715087891,14.503662109375,-3.0406455993652344,7.891090393066406,29.71151351928711,0.3419971466064453,0.3207969665527344,-0.061206817626953125,0.1334514617919922,2.215667724609375,16.647117614746094,-2.8449296951293945,9.713932514190674,29.472054481506348
11,1.5837593078613281,1.2633018493652344,1.3586311340332031,0.9221534729003906,1.6754570007324219,14.978879928588867,-3.065114974975586,8.409390449523926,31.38619041442871,1.375143051147461,1.3266410827636719,0.8626804351806641,1.1346206665039062,3.701780319213867,17.23328971862793,-2.941446304321289,10.466530323028564,31.199840545654297
12,2.485279083251953,2.1397132873535156,2.3423118591308594,1.7959957122802734,2.5035133361816406,15.237407684326172,-3.0373096466064453,8.818141460418701,32.623857498168945,2.3056392669677734,2.301311492919922,1.7472953796386719,2.0559234619140625,4.934455871582031,17.63125228881836,-2.9664201736450195,11.05888819694519,32.60023593902588
13,3.3989086151123047,2.974306106567383,3.305980682373047,2.6792354583740234,3.3432273864746094,15.313011169433594,-2.9693517684936523,9.140707969665527,33.65341567993164,3.1288909912109375,3.1718692779541016,2.5831642150878906,2.8846073150634766,5.872432708740234,17.832218170166016,-2.896670341491699,11.501857995986938,33.75455951690674
14,4.286046981811523,3.748453140258789,4.202911376953125,3.5434513092041016,4.168413162231445,15.237449645996094,-2.844996452331543,9.401798248291016,34.54528045654297,3.8698501586914062,3.946990966796875,3.372129440307617,3.643228530883789,6.558688163757324,17.86131477355957,-2.7593040466308594,11.812871217727661,34.75514841079712
15,5.134035110473633,4.460140228271484,5.008186340332031,4.370180130004883,4.986230850219727,15.045001983642578,-2.6734695434570312,9.609925270080566,35.1825475692749,4.544811248779297,4.678592681884766,4.109153747558594,4.331502914428711,7.101428031921387,17.75944709777832,-2.585810661315918,11.991954803466797,35.66759777069092
16,5.910007476806641,5.09788703918457,5.734052658081055,5.130917549133301,5.757089614868164,14.76211166381836,-2.452603340148926,9.767300367355347,35.71513891220093,5.165098190307617,5.419319152832031,4.788824081420898,4.967781066894531,7.580818176269531,17.56075668334961,-2.41225528717041,12.036581039428711,36.4975790977478
17,6.603180885314941,5.665229797363281,6.376796722412109,5.820213317871094,6.47757625579834,14.413394927978516,-2.2027816772460938,9.870393991470337,36.178070068359375,5.739818572998047,6.160547256469727,5.415752410888672,5.538957595825195,8.030305862426758,17.281970977783203,-2.248227119445801,11.981925964355469,37.20164394378662
18,7.226595878601074,6.178478240966797,6.9350433349609375,6.450433731079102,7.127187728881836,14.026594161987305,-1.946049690246582,9.9159836769104,36.60692882537842,6.278928756713867,6.847461700439453,6.002555847167969,6.052961349487305,8.460433006286621,16.915075302124023,-2.0913467407226562,11.862294435501099,37.751505851745605
19,7.774129867553711,6.650959014892578,7.433738708496094,7.007709503173828,7.703287124633789,13.609949111938477,-1.6942319869995117,9.903183937072754,37.008872509002686,6.788234710693359,7.437923431396484,6.55842399597168,6.512381553649902,8.87468433380127,16.46233558654785,-1.9433603286743164,11.676523447036743,38.166295528411865
20,8.263504981994629,7.095731735229492,7.892902374267578,7.5137739181518555,8.19520092010498,13.18035888671875,-1.4619503021240234,9.835302114486694,37.29972553253174,7.284917831420898,7.942840576171875,7.090171813964844,6.957715034484863,9.265438079833984,15.945562362670898,-1.7970514297485352,11.43376111984253,38.49095392227173
21,8.69568157196045,7.5161590576171875,8.334057807922363,7.957612037658691,8.610211372375488,12.741411209106445,-1.2407121658325195,9.711946487426758,37.55964708328247,7.77086067199707,8.394946098327637,7.588462829589844,7.4248504638671875,9.634943008422852,15.398311614990234,-1.6479339599609375,11.172929763793945,38.7627272605896
22,9.090349197387695,7.920783996582031,8.763425827026367,8.361754417419434,8.95470905303955,12.300228118896484,-1.036595344543457,9.53147268295288,37.918049812316895,8.255815505981445,8.825787544250488,8.053326606750488,7.949069976806641,9.97846794128418,14.846063613891602,-1.487274169921875,10.873149871826172,38.977442264556885
23,9.459214210510254,8.318641662597656,9.190030097961426,8.73311710357666,9.249799728393555,11.9012451171875,-0.8456897735595703,9.290948390960693,38.13725018501282,8.734703063964844,9.243034362792969,8.483702659606934,8.513004302978516,10.292109489440918,14.297500610351562,-1.313706398010254,10.522765398025513,39.132118701934814
24,9.813957214355469,8.716140747070312,9.620282173156738,9.08336067199707,9.506436347961426,11.476593017578125,-0.6682748794555664,9.00073528289795,38.25993299484253,9.197758674621582,9.66576099395752,8.881348609924316,9.07933235168457,10.558574676513672,13.761512756347656,-1.1371736526489258,10.132884979248047,39.24382543563843
25,10.165191650390625,9.116006851196289,10.065315246582031,9.42007827758789,9.74687385559082,11.083900451660156,-0.5034847259521484,8.669447898864746,38.5401554107666,9.6364164352417,10.113441467285156,9.256753921508789,9.598651885986328,10.759899139404297,13.248653411865234,-0.9609928131103516,9.736661434173584,39.32809829711914
26,10.518224716186523,9.517950057983398,10.526021003723145,9.753829956054688,9.969833374023438,10.722610473632812,-0.35184669494628906,8.301940441131592,38.87677764892578,10.040791511535645,10.570096015930176,9.618324279785156,10.052006721496582,10.887025833129883,12.773170471191406,-0.7856607437133789,9.34346628189087,39.39143180847168
27,10.876572608947754,9.922801971435547,10.995177268981934,10.079041481018066,10.190503120422363,10.428264617919922,-0.20785140991210938,7.9008588790893555,38.966620683670044,10.418277740478516,11.01758861541748,9.981849670410156,10.425834655761719,10.942386627197266,12.337867736816406,-0.6043558120727539,8.965488910675049,39.454864263534546
28,11.234182357788086,10.332676887512207,11.467729568481445,10.394755363464355,10.394268035888672,10.175640106201172,-0.07582664489746094,7.481135368347168,39.12858533859253,10.772592544555664,11.445901870727539,10.348865509033203,10.722089767456055,10.920233726501465,11.954795837402344,-0.42243194580078125,8.553224086761475,39.54204273223877
29,11.591195106506348,10.746210098266602,11.936802864074707,10.694367408752441,10.624183654785156,9.962516784667969,0.04754352569580078,7.058816909790039,39.358762979507446,11.105141639709473,11.862459182739258,10.712652206420898,10.942981719970703,10.83809757232666,11.645336151123047,-0.24660205841064453,8.088846206665039,39.668676137924194
30,11.94429874420166,11.164982795715332,12.400497436523438,10.997217178344727,10.866697311401367,9.817981719970703,0.1593952178955078,6.636402130126953,39.63604211807251,11.420499801635742,12.291808128356934,11.068009376525879,11.10606861114502,10.721273422241211,11.417007446289062,-0.08322525024414062,7.655313491821289,39.846489906311035
31,12.31859016418457,11.587296485900879,12.862908363342285,11.336957931518555,11.1515531539917,9.753036499023438,0.26656246185302734,6.211921215057373,39.958237648010254,11.733920097351074,12.745636940002441,11.42362117767334,11.23108196258545,10.569470405578613,11.251266479492188,0.07531070709228516,7.2576985359191895,40.0814151763916
32,12.715431213378906,12.012882232666016,13.31882095336914,11.706108093261719,11.46621322631836,9.761035919189453,0.37215518951416016,5.796456813812256,40.28781521320343,12.060612678527832,13.202211380004883,11.791197776794434,11.340508460998535,10.39433765411377,11.134441375732422,0.24009227752685547,6.888783931732178,40.362945556640625
33,13.123743057250977,12.443215370178223,13.762659072875977,12.08116340637207,11.81175708770752,9.83966064453125,0.4843425750732422,5.399114608764648,40.67044061422348,12.4163179397583,13.640765190124512,12.179665565490723,11.461475372314453,10.21382999420166,11.071300506591797,0.41622114181518555,6.560912132263184,40.67033004760742
34,13.536551475524902,12.876127243041992,14.187128067016602,12.437261581420898,12.186395645141602,9.976707458496094,0.6029605865478516,5.030346870422363,41.070734322071075,12.800737380981445,14.043708801269531,12.585522651672363,11.621171951293945,10.017024993896484,11.07101821899414,0.5916557312011719,6.261318206787109,40.98177623748779
35,13.939277648925781,13.309000968933105,14.592679977416992,12.762310028076172,12.551318168640137,10.161975860595703,0.7310295104980469,4.702055931091309,41.46619836986065,13.195810317993164,14.437990188598633,12.99232006072998,11.826653480529785,9.800240516662598,11.133182525634766,0.7533340454101562,5.99032735824585,41.29780673980713
36,14.328117370605469,13.733024597167969,14.983163833618164,13.079151153564453,12.890381336212158,10.381301879882812,0.8622074127197266,4.421392440795898,41.859359472990036,13.581171989440918,14.852775573730469,13.382171630859375,12.049759864807129,9.578843116760254,11.246009826660156,0.9035954475402832,5.763991355895996,41.6329328417778
37,14.707508563995361,14.139708518981934,15.359614372253418,13.39974069595337,13.182184219360352,10.621047973632812,0.9949965476989746,4.194575309753418,42.2484672665596,13.947687149047852,15.295701026916504,13.750221252441406,12.248250961303711,9.357444763183594,11.397945404052734,1.0463576316833496,5.608329772949219,41.98329156637192
38,15.070793628692627,14.535494804382324,15.719037055969238,13.714765071868896,13.400937557220459,10.865493774414062,1.1270017623901367,4.020081520080566,42.64243018627167,14.291994094848633,15.740449905395508,14.092057228088379,12.402175903320312,9.136603355407715,11.587657928466797,1.190091609954834,5.486156463623047,42.34030117094517
39,15.406046390533447,14.927927017211914,16.051408290863037,14.000659465789795,13.540116786956787,11.111740112304688,1.2547845840454102,3.8901424407958984,43.00376844406128,14.604763984680176,16.150551319122314,14.398323059082031,12.515089988708496,8.916536331176758,11.815704345703125,1.3277373313903809,5.387163162231445,42.7100011408329
40,15.686397552490234,15.312529563903809,16.342405319213867,14.229835510253906,13.57056474685669,11.357269287109375,1.3786396980285645,3.816412925720215,43.34908318519592,14.875594139099121,16.510168075561523,14.65992259979248,12.596614837646484,8.666884422302246,12.068733215332031,1.4608759880065918,5.357220649719238,43.07360500097275
41,15.891942501068115,15.668556213378906,16.58238172531128,14.382491111755371,13.471604347229004,11.57645034790039,1.5006628036499023,3.809368133544922,43.63807654380798,15.087849617004395,16.829960823059082,14.867416381835938,12.630779266357422,8.343704223632812,12.3187255859375,1.5862627029418945,5.395451545715332,43.4123170375824
42,15.999330520629883,15.981070518493652,16.7622127532959,14.44994306564331,13.183329105377197,11.75295639038086,1.6245121955871582,3.855318069458008,43.888344287872314,15.227683067321777,17.111385822296143,15.012772560119629,12.597282409667969,7.903872489929199,12.539237976074219,1.713707447052002,5.460718154907227,43.71375906467438
43,15.99466609954834,16.250770568847656,16.859522819519043,14.417404651641846,12.72503137588501,11.867183685302734,1.7590665817260742,3.909724235534668,44.11299538612366,15.288366794586182,17.34206533432007,15.09127140045166,12.47521686553955,7.310720443725586,12.709526062011719,1.8370327949523926,5.544076919555664,43.9942467212677
44,15.830012798309326,16.46242618560791,16.84504270553589,14.244041442871094,12.048970222473145,11.89676284790039,1.9123907089233398,3.963637351989746,44.29366135597229,15.263779640197754,17.51434564590454,15.09384536743164,12.256796836853027,6.536645889282227,12.80837631225586,1.951615333557129,5.664328575134277,44.269031047821045
45,15.488163471221924,16.590710639953613,16.685272216796875,13.906392097473145,11.149255752563477,11.807670593261719,2.088132858276367,4.0186967849731445,44.4099178314209,15.148781299591064,17.624775886535645,15.010529518127441,11.94131851196289,5.586948394775391,12.804546356201172,2.0737786293029785,5.802895545959473,44.43771719932556
46,14.923220157623291,16.61214256286621,16.359474182128906,13.353007316589355,10.000200271606445,11.583381652832031,2.2886452674865723,4.058642387390137,44.48236870765686,14.914828300476074,17.65595293045044,14.817530632019043,11.497781753540039,4.471090316772461,12.668037414550781,2.2012367248535156,5.937524795532227,44.57559537887573
47,14.110214233398438,16.48945903778076,15.814194679260254,12.58260440826416,8.610686302185059,11.20138931274414,2.517584800720215,4.069405555725098,44.512210845947266,14.528135299682617,17.592040538787842,14.493391990661621,10.889290809631348,3.200899124145508,12.374542236328125,2.3466615676879883,6.084822177886963,44.669734716415405
48,13.018898963928223,16.200477600097656,15.017004013061523,11.563436508178711,6.978010177612305,10.643482208251953,2.780496597290039,4.033796310424805,44.502824544906616,13.955096244812012,17.419944286346436,14.004998207092285,10.078808784484863,1.7557449340820312,11.904705047607422,2.5137925148010254,6.226527690887451,44.76549935340881
49,11.639605522155762,15.696125984191895,13.947779655456543,10.298423767089844,5.1206254959106445,9.909812927246094,3.0867061614990234,3.909912109375,44.40514326095581,13.183685302734375,17.12461566925049,13.332318305969238,9.050629615783691,0.09825706481933594,11.254146575927734,2.708259105682373,6.323531627655029,44.82213306427002
50,9.97553825378418,14.969204902648926,12.594688415527344,8.770265579223633,3.0639286041259766,8.993762969970703,3.4472341537475586,3.669322967529297,44.238749742507935,12.208964347839355,16.695988178253174,12.464804649353027,7.812337875366211,-1.8429927825927734,10.400344848632812,2.9259676933288574,6.350587368011475,44.83088707923889
51,7.997161865234375,13.937379837036133,10.932930946350098,6.962603569030762,0.8324317932128906,7.862480163574219,3.8590826988220215,3.2473983764648438,44.00069546699524,10.961235046386719,16.129356861114502,11.33613109588623,6.302742958068848,-4.141826629638672,9.309680938720703,3.1830224990844727,6.303670406341553,44.77340865135193
52,5.77210807800293,12.644388198852539,9.000396728515625,4.89702033996582,-1.5250186920166016,6.552024841308594,4.312631130218506,2.632730484008789,43.69338274002075,9.423686027526855,15.368376731872559,9.9318265914917,4.495044708251953,-6.789325714111328,7.978206634521484,3.4655184745788574,6.176509857177734,44.62918472290039
53,3.3236923217773438,11.047049522399902,6.78948974609375,2.5967235565185547,-3.973878860473633,5.082630157470703,4.788102626800537,1.80792236328125,43.28369426727295,7.530012130737305,14.327427864074707,8.187675476074219,2.317758560180664,-9.725427627563477,6.402248382568359,3.7860922813415527,5.939859390258789,44.37200403213501
54,0.7022666931152344,9.13920783996582,4.310451507568359,0.11390304565429688,-6.463897705078125,3.4920616149902344,5.276625633239746,0.7336740493774414,42.74189484119415,5.22838020324707,13.000284194946289,6.070425033569336,-0.24829483032226562,-12.809041976928711,4.597663879394531,4.145752906799316,5.5478363037109375,44.00268363952637
55,-2.0230026245117188,6.9444580078125,1.6552886962890625,-2.4868297576904297,-8.913522720336914,1.8673553466796875,5.762409687042236,-0.6173439025878906,42.00523781776428,2.5181713104248047,11.378877639770508,3.5886707305908203,-3.1889400482177734,-15.850862503051758,2.6348304748535156,4.5459535121917725,4.941915512084961,43.52009296417236
56,-4.763782501220703,4.569704055786133,-1.037729263305664,-5.140214920043945,-11.191715240478516,0.2635345458984375,6.232238054275513,-2.2448787689208984,41.0386528968811,-0.5398235321044922,9.422842979431152,0.7748298645019531,-6.367925643920898,-18.644880294799805,0.660980224609375,4.981398820877075,4.093976974487305,42.89140674471855
57,-7.424110412597656,2.097890853881836,-3.6771621704101562,-7.774152755737305,-13.144792556762695,-1.2220001220703125,6.66962194442749,-4.11461067199707,39.806344509124756,-3.7774906158447266,7.114753723144531,-2.254159927368164,-9.532962799072266,-20.977705001831055,-1.1549263000488281,5.430513620376587,3.011606216430664,42.0829361975193
58,-9.851604461669922,-0.3769359588623047,-6.176555633544922,-10.256776809692383,-14.62077522277832,-2.5244483947753906,7.05939781665802,-6.193277359008789,38.30941557884216,-6.972137451171875,4.472223281860352,-5.340723037719727,-12.370391845703125,-22.59486198425293,-2.7121505737304688,5.865817308425903,1.6477441787719727,41.07017421722412
59,-11.913623809814453,-2.7594242095947266,-8.454647064208984,-12.43356704711914,-15.573976516723633,-3.555194854736328,7.384461283683777,-8.4595947265625,36.559314250946045,-9.920085906982422,1.5551471710205078,-8.266536712646484,-14.704544067382812,-23.27229118347168,-4.016368865966797,6.2522348165512085,-0.05223655700683594,39.8408567905426
60,-13.447555541992188,-4.943010330200195,-10.417259216308594,-14.10269546508789,-15.975950241088867,-4.257686614990234,7.645535707473755,-10.838285446166992,34.590044021606445,-12.486488342285156,-1.5366153717041016,-10.812637329101562,-16.54869842529297,-22.873872756958008,-5.062015533447266,6.5713300704956055,-2.022634506225586,38.448426246643066
61,-14.381050109863281,-6.778148651123047,-11.964447021484375,-15.13137435913086,-15.915838241577148,-4.585041046142578,7.849089503288269,-13.258153915405273,32.501800537109375,-14.572616577148438,-4.587871551513672,-12.811168670654297,-17.975265502929688,-21.48783302307129,-5.738269805908203,6.823937177658081,-4.200372695922852,36.91656541824341
62,-14.713199615478516,-8.107318878173828,-12.971935272216797,-15.51409912109375,-15.438333511352539,-4.535511016845703,7.9979947209358215,-15.661031723022461,30.312270164489746,-16.104324340820312,-7.337100982666016,-14.222694396972656,-18.95928955078125,-19.415063858032227,-5.821277618408203,7.013961553573608,-6.605058670043945,35.269474029541016
63,-14.546855926513672,-8.882884979248047,-13.356563568115234,-15.381645202636719,-14.716073989868164,-4.088985443115234,8.106636464595795,-17.94414710998535,28.14874839782715,-16.94967269897461,-9.622636795043945,-15.044918060302734,-19.328617095947266,-17.09638023376465,-5.173259735107422,7.1476452350616455,-9.172004699707031,33.56501483917236
64,-13.94668197631836,-9.10568618774414,-13.136966705322266,-14.784629821777344,-13.699712753295898,-3.2666778564453125,8.162907600402832,-19.991064071655273,26.24072265625,-17.055011749267578,-11.36128044128418,-15.3052978515625,-18.92736053466797,-14.82038688659668,-3.843097686767578,7.2168437242507935,-11.819305419921875,31.897700309753418
65,-12.996109008789062,-8.825786590576172,-12.361831665039062,-13.860214233398438,-12.50605583190918,-2.120250701904297,8.178575038909912,-21.72395896911621,24.619863510131836,-16.436145782470703,-12.521097183227539,-14.96676254272461,-17.823688507080078,-12.696081161499023,-2.02215576171875,7.221219062805176,-14.45914077758789,30.328279495239258
66,-11.729866027832031,-8.143661499023438,-11.150379180908203,-12.615985870361328,-11.138629913330078,-0.6844024658203125,8.156440794467926,-23.14261817932129,23.3250675201416,-15.207305908203125,-13.116662979125977,-14.040718078613281,-16.242431640625,-10.68336296081543,0.07960128784179688,7.182857871055603,-16.94782829284668,28.929333686828613
67,-10.229743957519531,-7.145118713378906,-9.626556396484375,-11.151901245117188,-9.60621452331543,0.9568672180175781,8.119239270687103,-24.23423194885254,22.44447898864746,-13.58420181274414,-13.183717727661133,-12.701656341552734,-14.464675903320312,-8.657238006591797,2.331470489501953,7.123796582221985,-19.109149932861328,27.748035430908203
68,-8.548309326171875,-5.787364959716797,-7.946393966674805,-9.519739151000977,-7.917516708374023,2.752155303955078,8.086744666099548,-24.88788414001465,21.935298919677734,-11.720165252685547,-12.707769393920898,-11.099098205566406,-12.65286636352539,-6.617059707641602,4.636402130126953,7.053444981575012,-20.810771942138672,26.8278226852417
69,-6.792758941650391,-4.229787826538086,-6.143768310546875,-7.817962646484375,-6.216896057128906,4.613441467285156,8.068718194961548,-25.11258888244629,21.755834579467773,-9.768524169921875,-11.67418098449707,-9.387779235839844,-10.861858367919922,-4.618623733520508,6.89080810546875,7.00074577331543,-21.974407196044922,26.20877456665039
70,-5.061592102050781,-2.5611438751220703,-4.354406356811523,-6.117469787597656,-4.583698272705078,6.473812103271484,8.05733984708786,-24.92540168762207,21.82383918762207,-7.859260559082031,-10.114313125610352,-7.674226760864258,-9.167856216430664,-2.7348995208740234,8.983646392822266,6.869259357452393,-22.545230865478516,25.923189163208008
71,-3.3956241607666016,-0.8673000335693359,-2.6449012756347656,-4.478734970092773,-3.0334033966064453,8.272224426269531,8.051140189170837,-24.281606674194336,21.97943878173828,-6.078100204467773,-8.184289932250977,-6.002786636352539,-7.685331344604492,-0.9964046478271484,10.88015365600586,6.729973673820496,-22.533695220947266,25.918527603149414
72,-1.8681316375732422,0.7649116516113281,-1.057708740234375,-2.9607582092285156,-1.6509590148925781,9.957405090332031,8.029805719852448,-23.181421279907227,22.312219619750977,-4.453466415405273,-6.097465515136719,-4.412940979003906,-6.203176498413086,0.5601272583007812,12.468498229980469,6.593186736106873,-22.00814437866211,26.113346099853516
73,-0.5257930755615234,2.2858924865722656,0.3584728240966797,-1.5824165344238281,-0.44902610778808594,11.502853393554688,7.9883275628089905,-21.714311599731445,22.765172958374023,-2.9329872131347656,-4.110889434814453,-2.8972740173339844,-4.771503448486328,1.940237045288086,14.03079605102539,6.446131110191345,-21.082012176513672,26.459630966186523
74,0.6197528839111328,3.662729263305664,1.5862751007080078,-0.3692970275878906,0.5561447143554688,12.86086654663086,7.924607813358307,-19.980684280395508,23.300710678100586,-1.4843482971191406,-2.3115482330322266,-1.4498176574707031,-3.391328811645508,3.123912811279297,15.434078216552734,6.283356666564941,-19.900962829589844,26.928607940673828
75,1.583700180053711,4.877288818359375,2.611478805541992,0.6829681396484375,1.396820068359375,14.019670486450195,7.835422396659851,-18.054218292236328,23.884912490844727,-0.1341876983642578,-0.6572360992431641,-0.09439468383789062,-2.0799617767333984,4.111797332763672,16.629566192626953,6.116960048675537,-18.46676254272461,27.44056987762451
76,2.3529319763183594,5.892726898193359,3.434133529663086,1.5410842895507812,2.0767822265625,15.105533599853516,7.7280648946762085,-16.0078125,24.42123031616211,1.042154312133789,0.8691368103027344,1.1055221557617188,-0.8570079803466797,4.937395095825195,17.57980728149414,5.95651912689209,-16.79570770263672,27.889201164245605
77,2.9825668334960938,6.713022232055664,4.102985382080078,2.2290496826171875,2.641040802001953,15.816207885742188,7.609157085418701,-13.912473678588867,24.916227340698242,2.027219772338867,2.2005672454833984,2.125579833984375,0.2309246063232422,5.636569976806641,18.27056884765625,5.796474456787109,-14.984380722045898,28.242692947387695
78,3.484170913696289,7.323404312133789,4.626842498779297,2.779256820678711,3.1175689697265625,16.33476448059082,7.474764466285706,-11.827249526977539,25.379440307617188,2.8460826873779297,3.324871063232422,2.9838180541992188,1.1684856414794922,6.287768363952637,18.698806762695312,5.6223273277282715,-13.008804321289062,28.516246795654297
79,3.8986454010009766,7.723207473754883,5.047079086303711,3.2297210693359375,3.5420589447021484,16.658798217773438,7.309382677078247,-9.799676895141602,25.82784652709961,3.563741683959961,4.283061981201172,3.730936050415039,2.0091991424560547,6.8776750564575195,18.896862030029297,5.420150279998779,-10.883899688720703,28.696008682250977
80,4.263971328735352,7.932199478149414,5.380329132080078,3.6239261627197266,3.916515350341797,16.797374725341797,7.100337982177734,-7.862272262573242,26.230671882629395,4.207685470581055,5.072334289550781,4.375913619995117,2.7887210845947266,7.413325309753418,18.867033004760742,5.181727647781372,-8.757865905761719,28.789936065673828
81,4.588230133056641,7.984432220458984,5.623847961425781,3.9685230255126953,4.274040222167969,16.73455047607422,6.836559057235718,-6.037994384765625,26.58482551574707,4.758058547973633,5.703653335571289,4.891790390014648,3.499113082885742,7.869117736816406,18.616943359375,4.905652284622192,-6.753993988037109,28.814760208129883
82,4.875642776489258,7.895984649658203,5.756645202636719,4.272981643676758,4.616832733154297,16.477680206298828,6.532023191452026,-4.388217926025391,26.912044525146484,5.188394546508789,6.145162582397461,5.266788482666016,4.104909896850586,8.16847038269043,18.097843170166016,4.589091777801514,-4.882684707641602,28.770310401916504
83,5.109289169311523,7.641828536987305,5.78105354309082,4.509847640991211,4.939613342285156,15.984640121459961,6.199168682098389,-2.955596923828125,27.184639930725098,5.465152740478516,6.364418029785156,5.501605987548828,4.579111099243164,8.235509872436523,17.268022537231445,4.230957746505737,-3.171937942504883,28.673874855041504
84,5.274753570556641,7.248527526855469,5.723325729370117,4.67341423034668,5.218297958374023,15.279092788696289,5.888515949249268,-1.7274398803710938,27.361105918884277,5.581035614013672,6.393524169921875,5.601776123046875,4.887136459350586,8.044870376586914,16.122398376464844,3.8541617393493652,-1.70684814453125,28.550480842590332
85,5.389141082763672,6.753091812133789,5.632623672485352,4.754152297973633,5.440677642822266,14.321884155273438,5.583284616470337,-0.6849021911621094,27.42080783843994,5.5058746337890625,6.240776062011719,5.546613693237305,5.007757186889648,7.588906288146973,14.683666229248047,3.469630241394043,-0.4504718780517578,28.405344009399414
86,5.384765625,6.171247482299805,5.437801361083984,4.7418365478515625,5.575017929077148,13.12016487121582,5.297370672225952,0.18411827087402344,27.413009643554688,5.209087371826172,5.870014190673828,5.320598602294922,4.894283294677734,6.856813430786133,13.00101089477539,3.0930795669555664,0.5961780548095703,28.24577045440674
87,5.30424690246582,5.530027389526367,5.171844482421875,4.679546356201172,5.621485710144043,11.65402603149414,4.98814058303833,0.8869762420654297,27.338278770446777,4.713115692138672,5.331338882446289,4.927507400512695,4.561641693115234,5.946166038513184,11.161319732666016,2.7162961959838867,1.4237232208251953,28.095129013061523
88,5.1430511474609375,4.857419967651367,4.805229187011719,4.541444778442383,5.553688049316406,9.940998077392578,4.592278480529785,1.4365034103393555,27.16839027404785,4.087602615356445,4.693403244018555,4.418855667114258,4.024288177490234,4.930854797363281,9.204353332519531,2.3306846618652344,2.1198549270629883,27.957923889160156
89,4.871194839477539,4.191753387451172,4.365779876708984,4.323936462402344,5.372354507446289,8.013492584228516,4.198235511779785,1.8345623016357422,26.8617582321167,3.4313926696777344,3.995840072631836,3.857217788696289,3.3642044067382812,3.900148391723633,7.158954620361328,1.9742412567138672,2.713897705078125,27.815126419067383
90,4.469535827636719,3.581798553466797,3.9066429138183594,4.052097320556641,5.067412376403809,5.965206146240234,3.808320999145508,2.080765724182129,26.368002891540527,2.824350357055664,3.2872390747070312,3.3030929565429688,2.7022933959960938,2.96624755859375,5.063377380371094,1.6507797241210938,3.1975250244140625,27.65270709991455
91,4.06678581237793,3.0438613891601562,3.4818687438964844,3.7425384521484375,4.71156120300293,3.8941268920898438,3.4313111305236816,2.1596059799194336,25.735934257507324,2.2721195220947266,2.641742706298828,2.773012161254883,2.1094112396240234,2.1666488647460938,3.003276824951172,1.36356782913208,3.565484046936035,27.46961498260498
92,3.681978225708008,2.5800342559814453,3.114900588989258,3.4027843475341797,4.325366973876953,1.92083740234375,3.0664162635803223,2.0401840209960938,24.988304138183594,1.7820701599121094,2.0767555236816406,2.2869319915771484,1.6161785125732422,1.5555438995361328,1.0707778930664062,1.11067533493042,3.7388429641723633,27.254755973815918
93,3.3239574432373047,2.205770492553711,2.8024864196777344,3.0697250366210938,3.9302330017089844,0.18098831176757812,2.703624725341797,1.696885108947754,24.143178939819336,1.3316154479980469,1.568765640258789,1.8416519165039062,1.1429939270019531,1.0430545806884766,-0.6040725708007812,0.8898687362670898,3.648308753967285,26.98335838317871
94,3.0252723693847656,1.9205207824707031,2.5371017456054688,2.737905502319336,3.5047378540039062,-1.2538337707519531,2.3454833030700684,1.1282978057861328,23.2928466796875,0.9425544738769531,1.0898799896240234,1.4645500183105469,0.7096977233886719,0.6157093048095703,-1.9272613525390625,0.6923928260803223,3.279740333557129,26.65249538421631
95,2.6737422943115234,1.7040767669677734,2.328296661376953,2.4083518981933594,3.0079479217529297,-2.284076690673828,1.9818930625915527,0.3807821273803711,22.509233474731445,0.6116008758544922,0.6683845520019531,1.1449508666992188,0.28659629821777344,0.3112964630126953,-2.8277359008789062,0.5257010459899902,2.6200685501098633,26.28753089904785
96,2.2919673919677734,1.5595855712890625,2.137178421020508,2.0526256561279297,2.503499984741211,-2.9192581176757812,1.631640911102295,-0.49823856353759766,21.625545501708984,0.34778594970703125,0.33774566650390625,0.8642597198486328,-0.03803825378417969,0.21743011474609375,-3.3045921325683594,0.39592456817626953,1.756424903869629,25.903240203857422
97,1.8310623168945312,1.4601974487304688,1.9137859344482422,1.641866683959961,2.046344757080078,-3.1253700256347656,1.2853903770446777,-1.4658889770507812,21.044233322143555,0.17714500427246094,0.06466865539550781,0.6256980895996094,-0.1878204345703125,0.46044349670410156,-3.540790557861328,0.301546573638916,0.7768011093139648,25.507587432861328
98,1.4003105163574219,1.3379402160644531,1.6149463653564453,1.2815208435058594,1.6568584442138672,-2.826007843017578,0.9350681304931641,-2.372598648071289,20.639850616455078,0.15549468994140625,-0.12130165100097656,0.49321556091308594,-0.11797523498535156,1.0681819915771484,-3.607524871826172,0.23335981369018555,-0.2544431686401367,25.176122665405273
99,1.07867431640625,1.1473979949951172,1.2786750793457031,1.0263919830322266,1.445821762084961,-1.9710464477539062,0.5390005111694336,-3.0760765075683594,20.863361358642578,0.33477020263671875,-0.10193634033203125,0.5472679138183594,0.1034393310546875,1.6585330963134766,-3.3481521606445312,0.13170242309570312,-1.1364946365356445,25.068225860595703
100,0.7398548126220703,0.8453598022460938,0.8567409515380859,0.7723426818847656,0.9905872344970703,-0.6880836486816406,0.06939888000488281,-3.5069026947021484,20.974285125732422,0.5414333343505859,0.021348953247070312,0.6738796234130859,0.1969165802001953,1.7152938842773438,-2.2991905212402344,-0.09136676788330078,-1.6094436645507812,25.275676727294922
